term,before_count,after_count,before_relative_freq,after_relative_freq,after_minus_before
জুলাই,0,9,0.0,0.006870229007633588,0.006870229007633588
দল,3,11,0.0020013342228152103,0.008396946564885497,0.006395612342070286
পাশ,0,7,0.0,0.0053435114503816794,0.0053435114503816794
আম,0,6,0.0,0.004580152671755725,0.004580152671755725
ভারতের,0,5,0.0,0.003816793893129771,0.003816793893129771
প্রধানমন্ত্রী,0,5,0.0,0.003816793893129771,0.003816793893129771
ইন্টার,0,5,0.0,0.003816793893129771,0.003816793893129771
ইন্জিনিয়ারিং,0,5,0.0,0.003816793893129771,0.003816793893129771
প্রথম,0,5,0.0,0.003816793893129771,0.003816793893129771
ভালো,4,8,0.00266844563042028,0.0061068702290076335,0.0034384245985873535
লোক,2,6,0.00133422281521014,0.004580152671755725,0.003245929856545585
গভর্নর,0,4,0.0,0.0030534351145038168,0.0030534351145038168
পতন,0,4,0.0,0.0030534351145038168,0.0030534351145038168
বেইমানি,0,4,0.0,0.0030534351145038168,0.0030534351145038168
দালাল,0,4,0.0,0.0030534351145038168,0.0030534351145038168
অশিক্ষিত,0,3,0.0,0.0022900763358778627,0.0022900763358778627
গুপ্ত,0,3,0.0,0.0022900763358778627,0.0022900763358778627
গেলো,0,3,0.0,0.0022900763358778627,0.0022900763358778627
মত,0,3,0.0,0.0022900763358778627,0.0022900763358778627
বিরোধী,0,3,0.0,0.0022900763358778627,0.0022900763358778627
ইন্টারপাশ,0,3,0.0,0.0022900763358778627,0.0022900763358778627
পালা,0,3,0.0,0.0022900763358778627,0.0022900763358778627
ফুটেজ,0,3,0.0,0.0022900763358778627,0.0022900763358778627
ইশরাক,0,3,0.0,0.0022900763358778627,0.0022900763358778627
গাদ্দারি,0,3,0.0,0.0022900763358778627,0.0022900763358778627
সমঝোতার,0,3,0.0,0.0022900763358778627,0.0022900763358778627
থাকতে,0,3,0.0,0.0022900763358778627,0.0022900763358778627
রাতে,0,3,0.0,0.0022900763358778627,0.0022900763358778627
ভিডিও,0,3,0.0,0.0022900763358778627,0.0022900763358778627
চাঁদাবাজার,0,3,0.0,0.0022900763358778627,0.0022900763358778627
চ্যাম্পিয়ন,0,3,0.0,0.0022900763358778627,0.0022900763358778627
গাদ্দার,0,3,0.0,0.0022900763358778627,0.0022900763358778627
জাতীয়,0,3,0.0,0.0022900763358778627,0.0022900763358778627
আসার,0,3,0.0,0.0022900763358778627,0.0022900763358778627
ক্ষমতায়,0,3,0.0,0.0022900763358778627,0.0022900763358778627
শুরু,4,6,0.00266844563042028,0.004580152671755725,0.0019117070413354454
দেশে,3,5,0.0020013342228152103,0.003816793893129771,0.0018154596703145605
হাদি,1,3,0.00066711140760507,0.0022900763358778627,0.0016229649282727926
বিম্পি,1,3,0.00066711140760507,0.0022900763358778627,0.0016229649282727926
পারবে,1,3,0.00066711140760507,0.0022900763358778627,0.0016229649282727926
ব্যাংক,1,3,0.00066711140760507,0.0022900763358778627,0.0016229649282727926
জাতির,1,3,0.00066711140760507,0.0022900763358778627,0.0016229649282727926
বেশি,1,3,0.00066711140760507,0.0022900763358778627,0.0016229649282727926
ক্ষমতায়,1,3,0.00066711140760507,0.0022900763358778627,0.0016229649282727926
তোর,1,3,0.00066711140760507,0.0022900763358778627,0.0016229649282727926
এইচএসসি,0,2,0.0,0.0015267175572519084,0.0015267175572519084
যাইত,0,2,0.0,0.0015267175572519084,0.0015267175572519084
ভারত,0,2,0.0,0.0015267175572519084,0.0015267175572519084
গনভোটের,0,2,0.0,0.0015267175572519084,0.0015267175572519084
ইন্ডিয়ার,0,2,0.0,0.0015267175572519084,0.0015267175572519084
আব্বা,0,2,0.0,0.0015267175572519084,0.0015267175572519084
দিনের,0,2,0.0,0.0015267175572519084,0.0015267175572519084
এগুলো,0,2,0.0,0.0015267175572519084,0.0015267175572519084
যারা,0,2,0.0,0.0015267175572519084,0.0015267175572519084
অবৈধ,0,2,0.0,0.0015267175572519084,0.0015267175572519084
কাছ,0,2,0.0,0.0015267175572519084,0.0015267175572519084
খসরু,0,2,0.0,0.0015267175572519084,0.0015267175572519084
কুমির,0,2,0.0,0.0015267175572519084,0.0015267175572519084
পোন্দাবে,0,2,0.0,0.0015267175572519084,0.0015267175572519084
বাস্তবায়ন,0,2,0.0,0.0015267175572519084,0.0015267175572519084
রাস্তায়,0,2,0.0,0.0015267175572519084,0.0015267175572519084
allah,0,2,0.0,0.0015267175572519084,0.0015267175572519084
আদর্শ,0,2,0.0,0.0015267175572519084,0.0015267175572519084
কই,0,2,0.0,0.0015267175572519084,0.0015267175572519084
তারিক,0,2,0.0,0.0015267175572519084,0.0015267175572519084
দরজা,0,2,0.0,0.0015267175572519084,0.0015267175572519084
চাইলকম,0,2,0.0,0.0015267175572519084,0.0015267175572519084
মুনাফেক,0,2,0.0,0.0015267175572519084,0.0015267175572519084
বাজার,0,2,0.0,0.0015267175572519084,0.0015267175572519084
রাজাকারের,0,2,0.0,0.0015267175572519084,0.0015267175572519084
খাবে,0,2,0.0,0.0015267175572519084,0.0015267175572519084
এরে,0,2,0.0,0.0015267175572519084,0.0015267175572519084
আনলো,0,2,0.0,0.0015267175572519084,0.0015267175572519084
নিকটে,0,2,0.0,0.0015267175572519084,0.0015267175572519084
দায়,0,2,0.0,0.0015267175572519084,0.0015267175572519084
ঋণখেলাপি,0,2,0.0,0.0015267175572519084,0.0015267175572519084
চাঁদাবাজিকে,0,2,0.0,0.0015267175572519084,0.0015267175572519084
ধান্দা,0,2,0.0,0.0015267175572519084,0.0015267175572519084
ইসরাক,0,2,0.0,0.0015267175572519084,0.0015267175572519084
কাছে,0,2,0.0,0.0015267175572519084,0.0015267175572519084
সালের,0,2,0.0,0.0015267175572519084,0.0015267175572519084
হাড্ডি,0,2,0.0,0.0015267175572519084,0.0015267175572519084
বাটপারে,0,2,0.0,0.0015267175572519084,0.0015267175572519084
গাঞ্জখোরের,0,2,0.0,0.0015267175572519084,0.0015267175572519084
ডেঁকে,0,2,0.0,0.0015267175572519084,0.0015267175572519084
পাওন,0,2,0.0,0.0015267175572519084,0.0015267175572519084
বাতিল,0,2,0.0,0.0015267175572519084,0.0015267175572519084
চলাফেরা,0,2,0.0,0.0015267175572519084,0.0015267175572519084
মাসুদ,0,2,0.0,0.0015267175572519084,0.0015267175572519084
চাঁদাবাজি,0,2,0.0,0.0015267175572519084,0.0015267175572519084
খাল,0,2,0.0,0.0015267175572519084,0.0015267175572519084
মূর্খ,0,2,0.0,0.0015267175572519084,0.0015267175572519084
ভিত্তিতে,0,2,0.0,0.0015267175572519084,0.0015267175572519084
কিনা,0,2,0.0,0.0015267175572519084,0.0015267175572519084
প্রধান,0,2,0.0,0.0015267175572519084,0.0015267175572519084
শেখ,0,2,0.0,0.0015267175572519084,0.0015267175572519084
রেমিট্যান্স,0,2,0.0,0.0015267175572519084,0.0015267175572519084
নিজেই,0,2,0.0,0.0015267175572519084,0.0015267175572519084
দূঃখ,0,2,0.0,0.0015267175572519084,0.0015267175572519084
rip,0,2,0.0,0.0015267175572519084,0.0015267175572519084
কেঁটে,0,2,0.0,0.0015267175572519084,0.0015267175572519084
কোথাকার,0,2,0.0,0.0015267175572519084,0.0015267175572519084
সন্ত্রাসী,0,2,0.0,0.0015267175572519084,0.0015267175572519084
লাখে,0,2,0.0,0.0015267175572519084,0.0015267175572519084
সনদ,0,2,0.0,0.0015267175572519084,0.0015267175572519084
দিতেই,0,2,0.0,0.0015267175572519084,0.0015267175572519084
সমমান,0,2,0.0,0.0015267175572519084,0.0015267175572519084
চিল্লায়া,0,2,0.0,0.0015267175572519084,0.0015267175572519084
জমিদার,0,2,0.0,0.0015267175572519084,0.0015267175572519084
নায়ক,0,2,0.0,0.0015267175572519084,0.0015267175572519084
দেখলে,0,2,0.0,0.0015267175572519084,0.0015267175572519084
ঠিক,0,2,0.0,0.0015267175572519084,0.0015267175572519084
পথে,0,2,0.0,0.0015267175572519084,0.0015267175572519084
চো,0,2,0.0,0.0015267175572519084,0.0015267175572519084
বাংলাদেশ,5,6,0.00333555703802535,0.004580152671755725,0.0012445956337303753
বি,4,5,0.00266844563042028,0.003816793893129771,0.0011483482627094909
বাংলাদেশের,3,4,0.0020013342228152103,0.0030534351145038168,0.0010521008916886065
বিচার,3,4,0.0020013342228152103,0.0030534351145038168,0.0010521008916886065
এবার,3,4,0.0020013342228152103,0.0030534351145038168,0.0010521008916886065
উনি,3,4,0.0020013342228152103,0.0030534351145038168,0.0010521008916886065
মানে,2,3,0.00133422281521014,0.0022900763358778627,0.0009558535206677227
পাস,2,3,0.00133422281521014,0.0022900763358778627,0.0009558535206677227
চাঁদা,2,3,0.00133422281521014,0.0022900763358778627,0.0009558535206677227
নিজের,2,3,0.00133422281521014,0.0022900763358778627,0.0009558535206677227
বছর,2,3,0.00133422281521014,0.0022900763358778627,0.0009558535206677227
করেন,2,3,0.00133422281521014,0.0022900763358778627,0.0009558535206677227
জয়,1,2,0.00066711140760507,0.0015267175572519084,0.0008596061496468384
বাদ,1,2,0.00066711140760507,0.0015267175572519084,0.0008596061496468384
জোকার,1,2,0.00066711140760507,0.0015267175572519084,0.0008596061496468384
পুলিশ,1,2,0.00066711140760507,0.0015267175572519084,0.0008596061496468384
ব্যাংকের,1,2,0.00066711140760507,0.0015267175572519084,0.0008596061496468384
হলে,1,2,0.00066711140760507,0.0015267175572519084,0.0008596061496468384
মাঠে,1,2,0.00066711140760507,0.0015267175572519084,0.0008596061496468384
এসব,1,2,0.00066711140760507,0.0015267175572519084,0.0008596061496468384
রা,1,2,0.00066711140760507,0.0015267175572519084,0.0008596061496468384
পাগলা,1,2,0.00066711140760507,0.0015267175572519084,0.0008596061496468384
ভাইকে,1,2,0.00066711140760507,0.0015267175572519084,0.0008596061496468384
আরো,1,2,0.00066711140760507,0.0015267175572519084,0.0008596061496468384
জিয়া,1,2,0.00066711140760507,0.0015267175572519084,0.0008596061496468384
টাকা,1,2,0.00066711140760507,0.0015267175572519084,0.0008596061496468384
নিজে,1,2,0.00066711140760507,0.0015267175572519084,0.0008596061496468384
লোকের,1,2,0.00066711140760507,0.0015267175572519084,0.0008596061496468384
নাসির,1,2,0.00066711140760507,0.0015267175572519084,0.0008596061496468384
বলতে,1,2,0.00066711140760507,0.0015267175572519084,0.0008596061496468384
দেখা,1,2,0.00066711140760507,0.0015267175572519084,0.0008596061496468384
হালা,1,2,0.00066711140760507,0.0015267175572519084,0.0008596061496468384
একটু,1,2,0.00066711140760507,0.0015267175572519084,0.0008596061496468384
গেলে,1,2,0.00066711140760507,0.0015267175572519084,0.0008596061496468384
পুত্র,1,2,0.00066711140760507,0.0015267175572519084,0.0008596061496468384
মানেই,1,2,0.00066711140760507,0.0015267175572519084,0.0008596061496468384
পোলাপান,0,1,0.0,0.0007633587786259542,0.0007633587786259542
সমাজের,0,1,0.0,0.0007633587786259542,0.0007633587786259542
রেকর্ড,0,1,0.0,0.0007633587786259542,0.0007633587786259542
লাইক,0,1,0.0,0.0007633587786259542,0.0007633587786259542
গতিতে,0,1,0.0,0.0007633587786259542,0.0007633587786259542
করন,0,1,0.0,0.0007633587786259542,0.0007633587786259542
কতবার,0,1,0.0,0.0007633587786259542,0.0007633587786259542
নিরাপদ,0,1,0.0,0.0007633587786259542,0.0007633587786259542
চিনে,0,1,0.0,0.0007633587786259542,0.0007633587786259542
ধারণ,0,1,0.0,0.0007633587786259542,0.0007633587786259542
সহজ,0,1,0.0,0.0007633587786259542,0.0007633587786259542
শহীদের,0,1,0.0,0.0007633587786259542,0.0007633587786259542
নির্বাচনও,0,1,0.0,0.0007633587786259542,0.0007633587786259542
রিট,0,1,0.0,0.0007633587786259542,0.0007633587786259542
আমীরের,0,1,0.0,0.0007633587786259542,0.0007633587786259542
দিছি,0,1,0.0,0.0007633587786259542,0.0007633587786259542
যাক,0,1,0.0,0.0007633587786259542,0.0007633587786259542
যেতে,0,1,0.0,0.0007633587786259542,0.0007633587786259542
সাধারণ,0,1,0.0,0.0007633587786259542,0.0007633587786259542
মন্ত্রী,0,1,0.0,0.0007633587786259542,0.0007633587786259542
বাধ্য,0,1,0.0,0.0007633587786259542,0.0007633587786259542
শিলং,0,1,0.0,0.0007633587786259542,0.0007633587786259542
shombhob,0,1,0.0,0.0007633587786259542,0.0007633587786259542
লুটপাট,0,1,0.0,0.0007633587786259542,0.0007633587786259542
দলীয়,0,1,0.0,0.0007633587786259542,0.0007633587786259542
শহীদদের,0,1,0.0,0.0007633587786259542,0.0007633587786259542
দিয়া,0,1,0.0,0.0007633587786259542,0.0007633587786259542
লন্ডনী,0,1,0.0,0.0007633587786259542,0.0007633587786259542
জনাব,0,1,0.0,0.0007633587786259542,0.0007633587786259542
রাজনৈতিক,0,1,0.0,0.0007633587786259542,0.0007633587786259542
কনডম,0,1,0.0,0.0007633587786259542,0.0007633587786259542
ক্লিয়ার,0,1,0.0,0.0007633587786259542,0.0007633587786259542
কতগুলা,0,1,0.0,0.0007633587786259542,0.0007633587786259542
খুঁজে,0,1,0.0,0.0007633587786259542,0.0007633587786259542
হালাল,0,1,0.0,0.0007633587786259542,0.0007633587786259542
বিম্পিতে,0,1,0.0,0.0007633587786259542,0.0007633587786259542
আমরাই,0,1,0.0,0.0007633587786259542,0.0007633587786259542
কোম্পানির,0,1,0.0,0.0007633587786259542,0.0007633587786259542
উন,0,1,0.0,0.0007633587786259542,0.0007633587786259542
থুক্কু,0,1,0.0,0.0007633587786259542,0.0007633587786259542
এরজন্য,0,1,0.0,0.0007633587786259542,0.0007633587786259542
বসিয়েছিল,0,1,0.0,0.0007633587786259542,0.0007633587786259542
পড়েই,0,1,0.0,0.0007633587786259542,0.0007633587786259542
দিনেই,0,1,0.0,0.0007633587786259542,0.0007633587786259542
স্পষ্ট,0,1,0.0,0.0007633587786259542,0.0007633587786259542
ডাউন,0,1,0.0,0.0007633587786259542,0.0007633587786259542
বিপদ,0,1,0.0,0.0007633587786259542,0.0007633587786259542
বিএসএফ,0,1,0.0,0.0007633587786259542,0.0007633587786259542
ফারাক্কার,0,1,0.0,0.0007633587786259542,0.0007633587786259542
পাইলাম,0,1,0.0,0.0007633587786259542,0.0007633587786259542
কখনোই,0,1,0.0,0.0007633587786259542,0.0007633587786259542
চিনের,0,1,0.0,0.0007633587786259542,0.0007633587786259542
সহ্য,0,1,0.0,0.0007633587786259542,0.0007633587786259542
সামনের,0,1,0.0,0.0007633587786259542,0.0007633587786259542
বুঝতেছি,0,1,0.0,0.0007633587786259542,0.0007633587786259542
নূরে,0,1,0.0,0.0007633587786259542,0.0007633587786259542
ছেলেরা,0,1,0.0,0.0007633587786259542,0.0007633587786259542
পাশাপাশি,0,1,0.0,0.0007633587786259542,0.0007633587786259542
সালাউদ্দিন,0,1,0.0,0.0007633587786259542,0.0007633587786259542
পেয়েছে,0,1,0.0,0.0007633587786259542,0.0007633587786259542
গুলি,0,1,0.0,0.0007633587786259542,0.0007633587786259542
নতুনভাবে,0,1,0.0,0.0007633587786259542,0.0007633587786259542
নাউজুবিল্লাহ,0,1,0.0,0.0007633587786259542,0.0007633587786259542
কন,0,1,0.0,0.0007633587786259542,0.0007633587786259542
সেনা,0,1,0.0,0.0007633587786259542,0.0007633587786259542
কুকুরের,0,1,0.0,0.0007633587786259542,0.0007633587786259542
শামিল,0,1,0.0,0.0007633587786259542,0.0007633587786259542
হামরা,0,1,0.0,0.0007633587786259542,0.0007633587786259542
বসবে,0,1,0.0,0.0007633587786259542,0.0007633587786259542
মারার,0,1,0.0,0.0007633587786259542,0.0007633587786259542
লাগাম,0,1,0.0,0.0007633587786259542,0.0007633587786259542
জানতাম,0,1,0.0,0.0007633587786259542,0.0007633587786259542
ডাবল,0,1,0.0,0.0007633587786259542,0.0007633587786259542
ভাইয়ের,0,1,0.0,0.0007633587786259542,0.0007633587786259542
এইবার,0,1,0.0,0.0007633587786259542,0.0007633587786259542
ষড়যন্ত্রের,0,1,0.0,0.0007633587786259542,0.0007633587786259542
গেলাম,0,1,0.0,0.0007633587786259542,0.0007633587786259542
কর,0,1,0.0,0.0007633587786259542,0.0007633587786259542
খেলোয়ার,0,1,0.0,0.0007633587786259542,0.0007633587786259542
বাজারে,0,1,0.0,0.0007633587786259542,0.0007633587786259542
পাশে,0,1,0.0,0.0007633587786259542,0.0007633587786259542
গাঁজা,0,1,0.0,0.0007633587786259542,0.0007633587786259542
উম্মাহ,0,1,0.0,0.0007633587786259542,0.0007633587786259542
বিতরণ,0,1,0.0,0.0007633587786259542,0.0007633587786259542
হ্যাভ,0,1,0.0,0.0007633587786259542,0.0007633587786259542
টানবে,0,1,0.0,0.0007633587786259542,0.0007633587786259542
কোমরের,0,1,0.0,0.0007633587786259542,0.0007633587786259542
ডুকিয়ে,0,1,0.0,0.0007633587786259542,0.0007633587786259542
কেই,0,1,0.0,0.0007633587786259542,0.0007633587786259542
মাঝখান,0,1,0.0,0.0007633587786259542,0.0007633587786259542
হলেন,0,1,0.0,0.0007633587786259542,0.0007633587786259542
আইন,0,1,0.0,0.0007633587786259542,0.0007633587786259542
ভরবে,0,1,0.0,0.0007633587786259542,0.0007633587786259542
সবচেয়ে,0,1,0.0,0.0007633587786259542,0.0007633587786259542
ছাতার,0,1,0.0,0.0007633587786259542,0.0007633587786259542
সংবিধান,0,1,0.0,0.0007633587786259542,0.0007633587786259542
লেজ,0,1,0.0,0.0007633587786259542,0.0007633587786259542
ময়লা,0,1,0.0,0.0007633587786259542,0.0007633587786259542
বানায়,0,1,0.0,0.0007633587786259542,0.0007633587786259542
পুরা,0,1,0.0,0.0007633587786259542,0.0007633587786259542
দখলে,0,1,0.0,0.0007633587786259542,0.0007633587786259542
কালি,0,1,0.0,0.0007633587786259542,0.0007633587786259542
আহত,0,1,0.0,0.0007633587786259542,0.0007633587786259542
বলতো,0,1,0.0,0.0007633587786259542,0.0007633587786259542
বকা,0,1,0.0,0.0007633587786259542,0.0007633587786259542
জাফরের,0,1,0.0,0.0007633587786259542,0.0007633587786259542
হাসিনা,0,1,0.0,0.0007633587786259542,0.0007633587786259542
স্বৈরাচার,0,1,0.0,0.0007633587786259542,0.0007633587786259542
তান্ত্রিক,0,1,0.0,0.0007633587786259542,0.0007633587786259542
রাখবেন,0,1,0.0,0.0007633587786259542,0.0007633587786259542
বাধ্যতামূলক,0,1,0.0,0.0007633587786259542,0.0007633587786259542
হ্যা,0,1,0.0,0.0007633587786259542,0.0007633587786259542
শূন্যস্থান,0,1,0.0,0.0007633587786259542,0.0007633587786259542
পা,0,1,0.0,0.0007633587786259542,0.0007633587786259542
ফ্রীতে,0,1,0.0,0.0007633587786259542,0.0007633587786259542
জাতীয়তাবাদ,0,1,0.0,0.0007633587786259542,0.0007633587786259542
কথায়,0,1,0.0,0.0007633587786259542,0.0007633587786259542
বেগম,0,1,0.0,0.0007633587786259542,0.0007633587786259542
রিয়েল,0,1,0.0,0.0007633587786259542,0.0007633587786259542
তিনিই,0,1,0.0,0.0007633587786259542,0.0007633587786259542
বর্বর,0,1,0.0,0.0007633587786259542,0.0007633587786259542
আনে,0,1,0.0,0.0007633587786259542,0.0007633587786259542
লাইফে,0,1,0.0,0.0007633587786259542,0.0007633587786259542
বিশেষ,0,1,0.0,0.0007633587786259542,0.0007633587786259542
কাউন,0,1,0.0,0.0007633587786259542,0.0007633587786259542
একটাই,0,1,0.0,0.0007633587786259542,0.0007633587786259542
শালা,0,1,0.0,0.0007633587786259542,0.0007633587786259542
রায়ের,0,1,0.0,0.0007633587786259542,0.0007633587786259542
ইঞ্জিনিয়ার,0,1,0.0,0.0007633587786259542,0.0007633587786259542
ডিল,0,1,0.0,0.0007633587786259542,0.0007633587786259542
জন,0,1,0.0,0.0007633587786259542,0.0007633587786259542
গিনেসরেকর্ড,0,1,0.0,0.0007633587786259542,0.0007633587786259542
ফল,0,1,0.0,0.0007633587786259542,0.0007633587786259542
মাদারবোর্ড,0,1,0.0,0.0007633587786259542,0.0007633587786259542
জামায়াত,0,1,0.0,0.0007633587786259542,0.0007633587786259542
শাসন,0,1,0.0,0.0007633587786259542,0.0007633587786259542
সাবধানে,0,1,0.0,0.0007633587786259542,0.0007633587786259542
লুটে,0,1,0.0,0.0007633587786259542,0.0007633587786259542
সমোঝোতা,0,1,0.0,0.0007633587786259542,0.0007633587786259542
চ্যাম্পিয়ানের,0,1,0.0,0.0007633587786259542,0.0007633587786259542
ডিফেন্স,0,1,0.0,0.0007633587786259542,0.0007633587786259542
নিকাব,0,1,0.0,0.0007633587786259542,0.0007633587786259542
হয়তো,0,1,0.0,0.0007633587786259542,0.0007633587786259542
খাইয়া,0,1,0.0,0.0007633587786259542,0.0007633587786259542
জালালি,0,1,0.0,0.0007633587786259542,0.0007633587786259542
পিছনের,0,1,0.0,0.0007633587786259542,0.0007633587786259542
কাপছে,0,1,0.0,0.0007633587786259542,0.0007633587786259542
ইউনুসের,0,1,0.0,0.0007633587786259542,0.0007633587786259542
ফেলা,0,1,0.0,0.0007633587786259542,0.0007633587786259542
কারো,0,1,0.0,0.0007633587786259542,0.0007633587786259542
লেভেলের,0,1,0.0,0.0007633587786259542,0.0007633587786259542
যুদ্ধ,0,1,0.0,0.0007633587786259542,0.0007633587786259542
আন্দোলনের,0,1,0.0,0.0007633587786259542,0.0007633587786259542
পেলান,0,1,0.0,0.0007633587786259542,0.0007633587786259542
উম্মা,0,1,0.0,0.0007633587786259542,0.0007633587786259542
লাগতো,0,1,0.0,0.0007633587786259542,0.0007633587786259542
শক্তি,0,1,0.0,0.0007633587786259542,0.0007633587786259542
মেজর,0,1,0.0,0.0007633587786259542,0.0007633587786259542
স্বাগতম,0,1,0.0,0.0007633587786259542,0.0007633587786259542
খোকার,0,1,0.0,0.0007633587786259542,0.0007633587786259542
লেনদেন,0,1,0.0,0.0007633587786259542,0.0007633587786259542
মন্ত্রীর,0,1,0.0,0.0007633587786259542,0.0007633587786259542
যেই,0,1,0.0,0.0007633587786259542,0.0007633587786259542
এমপি,0,1,0.0,0.0007633587786259542,0.0007633587786259542
রাষ্ট্রীয়,0,1,0.0,0.0007633587786259542,0.0007633587786259542
নিয়োগ,0,1,0.0,0.0007633587786259542,0.0007633587786259542
কমতি,0,1,0.0,0.0007633587786259542,0.0007633587786259542
বসাচ্ছে,0,1,0.0,0.0007633587786259542,0.0007633587786259542
ঘোষিত,0,1,0.0,0.0007633587786259542,0.0007633587786259542
ধইরা,0,1,0.0,0.0007633587786259542,0.0007633587786259542
দিলাম,0,1,0.0,0.0007633587786259542,0.0007633587786259542
সৈনিক,0,1,0.0,0.0007633587786259542,0.0007633587786259542
ফোকাসে,0,1,0.0,0.0007633587786259542,0.0007633587786259542
আহমেদ,0,1,0.0,0.0007633587786259542,0.0007633587786259542
চেয়ারে,0,1,0.0,0.0007633587786259542,0.0007633587786259542
ডার্বি,0,1,0.0,0.0007633587786259542,0.0007633587786259542
মোদীর,0,1,0.0,0.0007633587786259542,0.0007633587786259542
মূল্য,0,1,0.0,0.0007633587786259542,0.0007633587786259542
ইতিহাসে,0,1,0.0,0.0007633587786259542,0.0007633587786259542
পং,0,1,0.0,0.0007633587786259542,0.0007633587786259542
নাহলে,0,1,0.0,0.0007633587786259542,0.0007633587786259542
খাই,0,1,0.0,0.0007633587786259542,0.0007633587786259542
এস,0,1,0.0,0.0007633587786259542,0.0007633587786259542
আবারও,0,1,0.0,0.0007633587786259542,0.0007633587786259542
ঘোষনা,0,1,0.0,0.0007633587786259542,0.0007633587786259542
আরে,0,1,0.0,0.0007633587786259542,0.0007633587786259542
আবু,0,1,0.0,0.0007633587786259542,0.0007633587786259542
টিয়া,0,1,0.0,0.0007633587786259542,0.0007633587786259542
গরু,0,1,0.0,0.0007633587786259542,0.0007633587786259542
খেলাপিরাই,0,1,0.0,0.0007633587786259542,0.0007633587786259542
গণঅভ্যুত্থান,0,1,0.0,0.0007633587786259542,0.0007633587786259542
ওনাকেই,0,1,0.0,0.0007633587786259542,0.0007633587786259542
অনুমতি,0,1,0.0,0.0007633587786259542,0.0007633587786259542
তেনা,0,1,0.0,0.0007633587786259542,0.0007633587786259542
স্লাকুম,0,1,0.0,0.0007633587786259542,0.0007633587786259542
হিসাবে,0,1,0.0,0.0007633587786259542,0.0007633587786259542
সাভাবিক,0,1,0.0,0.0007633587786259542,0.0007633587786259542
সুশীল,0,1,0.0,0.0007633587786259542,0.0007633587786259542
এজেন্ডা,0,1,0.0,0.0007633587786259542,0.0007633587786259542
মেথর,0,1,0.0,0.0007633587786259542,0.0007633587786259542
রুম,0,1,0.0,0.0007633587786259542,0.0007633587786259542
নিষিদ্ধ,0,1,0.0,0.0007633587786259542,0.0007633587786259542
ছাগল,0,1,0.0,0.0007633587786259542,0.0007633587786259542
পরবর্তী,0,1,0.0,0.0007633587786259542,0.0007633587786259542
মুফতী,0,1,0.0,0.0007633587786259542,0.0007633587786259542
্যাঁ,0,1,0.0,0.0007633587786259542,0.0007633587786259542
জায়গায়,0,1,0.0,0.0007633587786259542,0.0007633587786259542
হইবোই,0,1,0.0,0.0007633587786259542,0.0007633587786259542
আব্বাসের,0,1,0.0,0.0007633587786259542,0.0007633587786259542
লাইগা,0,1,0.0,0.0007633587786259542,0.0007633587786259542
সালার,0,1,0.0,0.0007633587786259542,0.0007633587786259542
মুরগি,0,1,0.0,0.0007633587786259542,0.0007633587786259542
খু,0,1,0.0,0.0007633587786259542,0.0007633587786259542
কর্মকাণ্ড,0,1,0.0,0.0007633587786259542,0.0007633587786259542
মানলে,0,1,0.0,0.0007633587786259542,0.0007633587786259542
পরিণত,0,1,0.0,0.0007633587786259542,0.0007633587786259542
রান,0,1,0.0,0.0007633587786259542,0.0007633587786259542
পীরে,0,1,0.0,0.0007633587786259542,0.0007633587786259542
বন্ধ,0,1,0.0,0.0007633587786259542,0.0007633587786259542
হাটতেও,0,1,0.0,0.0007633587786259542,0.0007633587786259542
জাল,0,1,0.0,0.0007633587786259542,0.0007633587786259542
ঋণখেলাপির,0,1,0.0,0.0007633587786259542,0.0007633587786259542
তন্ত্র,0,1,0.0,0.0007633587786259542,0.0007633587786259542
লায়ক,0,1,0.0,0.0007633587786259542,0.0007633587786259542
চাঁদাবাজী,0,1,0.0,0.0007633587786259542,0.0007633587786259542
দালালদের,0,1,0.0,0.0007633587786259542,0.0007633587786259542
খালেদার,0,1,0.0,0.0007633587786259542,0.0007633587786259542
নেওয়া,0,1,0.0,0.0007633587786259542,0.0007633587786259542
জুলাইয়ের,0,1,0.0,0.0007633587786259542,0.0007633587786259542
মানবতার,0,1,0.0,0.0007633587786259542,0.0007633587786259542
ওঠে,0,1,0.0,0.0007633587786259542,0.0007633587786259542
দলিং,0,1,0.0,0.0007633587786259542,0.0007633587786259542
মিডিয়া,0,1,0.0,0.0007633587786259542,0.0007633587786259542
দিছে,0,1,0.0,0.0007633587786259542,0.0007633587786259542
বর্তমানে,0,1,0.0,0.0007633587786259542,0.0007633587786259542
লন্ডারিংয়ে,0,1,0.0,0.0007633587786259542,0.0007633587786259542
তাছাড়া,0,1,0.0,0.0007633587786259542,0.0007633587786259542
হিয়া,0,1,0.0,0.0007633587786259542,0.0007633587786259542
ঞ্জারে,0,1,0.0,0.0007633587786259542,0.0007633587786259542
যিনি,0,1,0.0,0.0007633587786259542,0.0007633587786259542
পরিচয়ে,0,1,0.0,0.0007633587786259542,0.0007633587786259542
জাত,0,1,0.0,0.0007633587786259542,0.0007633587786259542
এনপি,0,1,0.0,0.0007633587786259542,0.0007633587786259542
দিল্লির,0,1,0.0,0.0007633587786259542,0.0007633587786259542
থাপড়ানের,0,1,0.0,0.0007633587786259542,0.0007633587786259542
গুয়ামারা,0,1,0.0,0.0007633587786259542,0.0007633587786259542
হাজার,0,1,0.0,0.0007633587786259542,0.0007633587786259542
পেধান,0,1,0.0,0.0007633587786259542,0.0007633587786259542
পুন,0,1,0.0,0.0007633587786259542,0.0007633587786259542
খাওয়ার,0,1,0.0,0.0007633587786259542,0.0007633587786259542
রোজা,0,1,0.0,0.0007633587786259542,0.0007633587786259542
সৎ,0,1,0.0,0.0007633587786259542,0.0007633587786259542
জুলাইয়ে,0,1,0.0,0.0007633587786259542,0.0007633587786259542
কাঙ্খিত,0,1,0.0,0.0007633587786259542,0.0007633587786259542
গ্রামের,0,1,0.0,0.0007633587786259542,0.0007633587786259542
মব,0,1,0.0,0.0007633587786259542,0.0007633587786259542
হাত,0,1,0.0,0.0007633587786259542,0.0007633587786259542
চেয়ার,0,1,0.0,0.0007633587786259542,0.0007633587786259542
আইলো,0,1,0.0,0.0007633587786259542,0.0007633587786259542
প্রবাসীদের,0,1,0.0,0.0007633587786259542,0.0007633587786259542
দিল্লীকে,0,1,0.0,0.0007633587786259542,0.0007633587786259542
ইত্যাদি,0,1,0.0,0.0007633587786259542,0.0007633587786259542
কষ্ট,0,1,0.0,0.0007633587786259542,0.0007633587786259542
বালতেজাস,0,1,0.0,0.0007633587786259542,0.0007633587786259542
দেখাইছে,0,1,0.0,0.0007633587786259542,0.0007633587786259542
বাড়াবাড়ি,0,1,0.0,0.0007633587786259542,0.0007633587786259542
তমুকের,0,1,0.0,0.0007633587786259542,0.0007633587786259542
ঘুরিস,0,1,0.0,0.0007633587786259542,0.0007633587786259542
মেয়র,0,1,0.0,0.0007633587786259542,0.0007633587786259542
বিস্ফোরণে,0,1,0.0,0.0007633587786259542,0.0007633587786259542
সালাহউদ্দিনের,0,1,0.0,0.0007633587786259542,0.0007633587786259542
ভয়ংকর,0,1,0.0,0.0007633587786259542,0.0007633587786259542
সবসময়,0,1,0.0,0.0007633587786259542,0.0007633587786259542
অভিনয়ে,0,1,0.0,0.0007633587786259542,0.0007633587786259542
যোগ্যতাসম্পন্ন,0,1,0.0,0.0007633587786259542,0.0007633587786259542
নর্তকীর,0,1,0.0,0.0007633587786259542,0.0007633587786259542
চেষ্টা,0,1,0.0,0.0007633587786259542,0.0007633587786259542
পারবেন,0,1,0.0,0.0007633587786259542,0.0007633587786259542
যাওয়া,0,1,0.0,0.0007633587786259542,0.0007633587786259542
ছিলাম,0,1,0.0,0.0007633587786259542,0.0007633587786259542
মালের,0,1,0.0,0.0007633587786259542,0.0007633587786259542
চু,0,1,0.0,0.0007633587786259542,0.0007633587786259542
druto,0,1,0.0,0.0007633587786259542,0.0007633587786259542
লোককে,0,1,0.0,0.0007633587786259542,0.0007633587786259542
বিশ্ব,0,1,0.0,0.0007633587786259542,0.0007633587786259542
বৈধ,0,1,0.0,0.0007633587786259542,0.0007633587786259542
গুমের,0,1,0.0,0.0007633587786259542,0.0007633587786259542
বসান,0,1,0.0,0.0007633587786259542,0.0007633587786259542
জালেম,0,1,0.0,0.0007633587786259542,0.0007633587786259542
বাটফার,0,1,0.0,0.0007633587786259542,0.0007633587786259542
পূরণ,0,1,0.0,0.0007633587786259542,0.0007633587786259542
ছাগলের,0,1,0.0,0.0007633587786259542,0.0007633587786259542
নিজস্ব,0,1,0.0,0.0007633587786259542,0.0007633587786259542
দখল,0,1,0.0,0.0007633587786259542,0.0007633587786259542
শিক্ষার,0,1,0.0,0.0007633587786259542,0.0007633587786259542
সাপোর্ট,0,1,0.0,0.0007633587786259542,0.0007633587786259542
এগিয়ে,0,1,0.0,0.0007633587786259542,0.0007633587786259542
খোর,0,1,0.0,0.0007633587786259542,0.0007633587786259542
যেমন,0,1,0.0,0.0007633587786259542,0.0007633587786259542
দুনিয়াতে,0,1,0.0,0.0007633587786259542,0.0007633587786259542
উইন,0,1,0.0,0.0007633587786259542,0.0007633587786259542
ভাবে,0,1,0.0,0.0007633587786259542,0.0007633587786259542
ট্রায়াল,0,1,0.0,0.0007633587786259542,0.0007633587786259542
অর্জন,0,1,0.0,0.0007633587786259542,0.0007633587786259542
ম্যানেজ,0,1,0.0,0.0007633587786259542,0.0007633587786259542
পাচারের,0,1,0.0,0.0007633587786259542,0.0007633587786259542
ক্ষমতা,0,1,0.0,0.0007633587786259542,0.0007633587786259542
টের,0,1,0.0,0.0007633587786259542,0.0007633587786259542
হাইকোর্টে,0,1,0.0,0.0007633587786259542,0.0007633587786259542
চলিতেছে,0,1,0.0,0.0007633587786259542,0.0007633587786259542
ভাগ্য,0,1,0.0,0.0007633587786259542,0.0007633587786259542
আলম,0,1,0.0,0.0007633587786259542,0.0007633587786259542
হারুনের,0,1,0.0,0.0007633587786259542,0.0007633587786259542
ডাক,0,1,0.0,0.0007633587786259542,0.0007633587786259542
bnp,0,1,0.0,0.0007633587786259542,0.0007633587786259542
থাকার,0,1,0.0,0.0007633587786259542,0.0007633587786259542
তত,0,1,0.0,0.0007633587786259542,0.0007633587786259542
মাইরটা,0,1,0.0,0.0007633587786259542,0.0007633587786259542
পর্যন্ত,0,1,0.0,0.0007633587786259542,0.0007633587786259542
সোজা,0,1,0.0,0.0007633587786259542,0.0007633587786259542
টেনশন,0,1,0.0,0.0007633587786259542,0.0007633587786259542
কেটে,0,1,0.0,0.0007633587786259542,0.0007633587786259542
দাঁড়ালো,0,1,0.0,0.0007633587786259542,0.0007633587786259542
পিউর,0,1,0.0,0.0007633587786259542,0.0007633587786259542
দিস,0,1,0.0,0.0007633587786259542,0.0007633587786259542
সহচর,0,1,0.0,0.0007633587786259542,0.0007633587786259542
গাঁ,0,1,0.0,0.0007633587786259542,0.0007633587786259542
ইন্ডিয়া,0,1,0.0,0.0007633587786259542,0.0007633587786259542
হবার,0,1,0.0,0.0007633587786259542,0.0007633587786259542
ভোটচোর,0,1,0.0,0.0007633587786259542,0.0007633587786259542
পালিয়ে,0,1,0.0,0.0007633587786259542,0.0007633587786259542
এমনিই,0,1,0.0,0.0007633587786259542,0.0007633587786259542
তাছাড়া,0,1,0.0,0.0007633587786259542,0.0007633587786259542
ইসরাকএর,0,1,0.0,0.0007633587786259542,0.0007633587786259542
নাম্বার,0,1,0.0,0.0007633587786259542,0.0007633587786259542
রাখা,0,1,0.0,0.0007633587786259542,0.0007633587786259542
জানি,0,1,0.0,0.0007633587786259542,0.0007633587786259542
নামই,0,1,0.0,0.0007633587786259542,0.0007633587786259542
জাতীয়তাবাদী,0,1,0.0,0.0007633587786259542,0.0007633587786259542
আঙুলের,0,1,0.0,0.0007633587786259542,0.0007633587786259542
অমুকের,0,1,0.0,0.0007633587786259542,0.0007633587786259542
সমঝোতামূলক,0,1,0.0,0.0007633587786259542,0.0007633587786259542
najil,0,1,0.0,0.0007633587786259542,0.0007633587786259542
সিদ্ধি,0,1,0.0,0.0007633587786259542,0.0007633587786259542
নানির,0,1,0.0,0.0007633587786259542,0.0007633587786259542
হচ্ছেন,0,1,0.0,0.0007633587786259542,0.0007633587786259542
ন্ডিয়ার,0,1,0.0,0.0007633587786259542,0.0007633587786259542
রহমানকে,0,1,0.0,0.0007633587786259542,0.0007633587786259542
উঠে,0,1,0.0,0.0007633587786259542,0.0007633587786259542
অভ্যুত্থানের,0,1,0.0,0.0007633587786259542,0.0007633587786259542
করাইতে,0,1,0.0,0.0007633587786259542,0.0007633587786259542
বারবার,0,1,0.0,0.0007633587786259542,0.0007633587786259542
জাইমা,0,1,0.0,0.0007633587786259542,0.0007633587786259542
প্রধানমন্ত্রীর,0,1,0.0,0.0007633587786259542,0.0007633587786259542
ফেলছে,0,1,0.0,0.0007633587786259542,0.0007633587786259542
তখনই,0,1,0.0,0.0007633587786259542,0.0007633587786259542
বেয়াদপ,0,1,0.0,0.0007633587786259542,0.0007633587786259542
নগর,0,1,0.0,0.0007633587786259542,0.0007633587786259542
পুটকি,0,1,0.0,0.0007633587786259542,0.0007633587786259542
খালি,0,1,0.0,0.0007633587786259542,0.0007633587786259542
গোলামী,0,1,0.0,0.0007633587786259542,0.0007633587786259542
সাগরেদ,0,1,0.0,0.0007633587786259542,0.0007633587786259542
মন্দ,0,1,0.0,0.0007633587786259542,0.0007633587786259542
অংশ,0,1,0.0,0.0007633587786259542,0.0007633587786259542
চাটতে,0,1,0.0,0.0007633587786259542,0.0007633587786259542
রেহাই,0,1,0.0,0.0007633587786259542,0.0007633587786259542
টাকে,0,1,0.0,0.0007633587786259542,0.0007633587786259542
জন্ম,0,1,0.0,0.0007633587786259542,0.0007633587786259542
দাসত্ব,0,1,0.0,0.0007633587786259542,0.0007633587786259542
এটাই,0,1,0.0,0.0007633587786259542,0.0007633587786259542
ব্যবহার,0,1,0.0,0.0007633587786259542,0.0007633587786259542
সংসদে,0,1,0.0,0.0007633587786259542,0.0007633587786259542
পারিবারিক,0,1,0.0,0.0007633587786259542,0.0007633587786259542
অনুপ্রেরণা,0,1,0.0,0.0007633587786259542,0.0007633587786259542
ফিরবে,0,1,0.0,0.0007633587786259542,0.0007633587786259542
মুখোশ,0,1,0.0,0.0007633587786259542,0.0007633587786259542
পিরিয়ডের,0,1,0.0,0.0007633587786259542,0.0007633587786259542
বসাইতেছে,0,1,0.0,0.0007633587786259542,0.0007633587786259542
জানেননা,0,1,0.0,0.0007633587786259542,0.0007633587786259542
তারেকরে,0,1,0.0,0.0007633587786259542,0.0007633587786259542
গুলামি,0,1,0.0,0.0007633587786259542,0.0007633587786259542
হওয়ার,0,1,0.0,0.0007633587786259542,0.0007633587786259542
সমাপ্তি,0,1,0.0,0.0007633587786259542,0.0007633587786259542
ধরেছে,0,1,0.0,0.0007633587786259542,0.0007633587786259542
দিয়েছে,0,1,0.0,0.0007633587786259542,0.0007633587786259542
মধ্যেই,0,1,0.0,0.0007633587786259542,0.0007633587786259542
শিখতে,0,1,0.0,0.0007633587786259542,0.0007633587786259542
এনা,0,1,0.0,0.0007633587786259542,0.0007633587786259542
পেয়ে,0,1,0.0,0.0007633587786259542,0.0007633587786259542
আই,0,1,0.0,0.0007633587786259542,0.0007633587786259542
হওয়াটাই,0,1,0.0,0.0007633587786259542,0.0007633587786259542
সংবিধানে,0,1,0.0,0.0007633587786259542,0.0007633587786259542
অভিশাপ,0,1,0.0,0.0007633587786259542,0.0007633587786259542
একদল,0,1,0.0,0.0007633587786259542,0.0007633587786259542
সরিয়ে,0,1,0.0,0.0007633587786259542,0.0007633587786259542
প্রশাসনে,0,1,0.0,0.0007633587786259542,0.0007633587786259542
tar,0,1,0.0,0.0007633587786259542,0.0007633587786259542
নিরাপত্তা,0,1,0.0,0.0007633587786259542,0.0007633587786259542
মন্ত্রীসভা,0,1,0.0,0.0007633587786259542,0.0007633587786259542
বিপক্ষে,0,1,0.0,0.0007633587786259542,0.0007633587786259542
পিতা,0,1,0.0,0.0007633587786259542,0.0007633587786259542
দূরবীন,0,1,0.0,0.0007633587786259542,0.0007633587786259542
অটো,0,1,0.0,0.0007633587786259542,0.0007633587786259542
ফেলার,0,1,0.0,0.0007633587786259542,0.0007633587786259542
দিতে,0,1,0.0,0.0007633587786259542,0.0007633587786259542
বেয়াদবের,0,1,0.0,0.0007633587786259542,0.0007633587786259542
খেলা,0,1,0.0,0.0007633587786259542,0.0007633587786259542
অন্যদিকে,0,1,0.0,0.0007633587786259542,0.0007633587786259542
নেতাকর্মী,0,1,0.0,0.0007633587786259542,0.0007633587786259542
আমল,0,1,0.0,0.0007633587786259542,0.0007633587786259542
নিকৃষ্ট,0,1,0.0,0.0007633587786259542,0.0007633587786259542
মেয়েরা,0,1,0.0,0.0007633587786259542,0.0007633587786259542
ডিগ্রি,0,1,0.0,0.0007633587786259542,0.0007633587786259542
আমদানি,0,1,0.0,0.0007633587786259542,0.0007633587786259542
করলাম,0,1,0.0,0.0007633587786259542,0.0007633587786259542
চলল,0,1,0.0,0.0007633587786259542,0.0007633587786259542
চোদানির,0,1,0.0,0.0007633587786259542,0.0007633587786259542
বাকশাল,0,1,0.0,0.0007633587786259542,0.0007633587786259542
সৃষ্টি,0,1,0.0,0.0007633587786259542,0.0007633587786259542
তাল,0,1,0.0,0.0007633587786259542,0.0007633587786259542
কাজকর্মকে,0,1,0.0,0.0007633587786259542,0.0007633587786259542
হোয়াংহো,0,1,0.0,0.0007633587786259542,0.0007633587786259542
থেকেই,0,1,0.0,0.0007633587786259542,0.0007633587786259542
রক্তের,0,1,0.0,0.0007633587786259542,0.0007633587786259542
যাওয়ার,0,1,0.0,0.0007633587786259542,0.0007633587786259542
বিদ্বান,0,1,0.0,0.0007633587786259542,0.0007633587786259542
মীর,0,1,0.0,0.0007633587786259542,0.0007633587786259542
koruk,0,1,0.0,0.0007633587786259542,0.0007633587786259542
অদৃশ্য,0,1,0.0,0.0007633587786259542,0.0007633587786259542
এনেও,0,1,0.0,0.0007633587786259542,0.0007633587786259542
জনগণের,0,1,0.0,0.0007633587786259542,0.0007633587786259542
তালিকার,0,1,0.0,0.0007633587786259542,0.0007633587786259542
শক্ত,0,1,0.0,0.0007633587786259542,0.0007633587786259542
ঘেরাও,0,1,0.0,0.0007633587786259542,0.0007633587786259542
কার,0,1,0.0,0.0007633587786259542,0.0007633587786259542
শিক্ষিত,0,1,0.0,0.0007633587786259542,0.0007633587786259542
শুরুতেই,0,1,0.0,0.0007633587786259542,0.0007633587786259542
ব্যক্তিগত,0,1,0.0,0.0007633587786259542,0.0007633587786259542
কাগা,0,1,0.0,0.0007633587786259542,0.0007633587786259542
মহাবিশ্ব,0,1,0.0,0.0007633587786259542,0.0007633587786259542
একেকটা,0,1,0.0,0.0007633587786259542,0.0007633587786259542
ধুলে,0,1,0.0,0.0007633587786259542,0.0007633587786259542
মানি,0,1,0.0,0.0007633587786259542,0.0007633587786259542
দেড়,0,1,0.0,0.0007633587786259542,0.0007633587786259542
রাখেন,0,1,0.0,0.0007633587786259542,0.0007633587786259542
কোই,0,1,0.0,0.0007633587786259542,0.0007633587786259542
ন্যাপকিন,0,1,0.0,0.0007633587786259542,0.0007633587786259542
সাধারন,0,1,0.0,0.0007633587786259542,0.0007633587786259542
এরচেয়ে,0,1,0.0,0.0007633587786259542,0.0007633587786259542
এখনো,0,1,0.0,0.0007633587786259542,0.0007633587786259542
বিশ্বাসঘাতক,0,1,0.0,0.0007633587786259542,0.0007633587786259542
টয়লেট,0,1,0.0,0.0007633587786259542,0.0007633587786259542
জুলুম,0,1,0.0,0.0007633587786259542,0.0007633587786259542
হাঁস,0,1,0.0,0.0007633587786259542,0.0007633587786259542
দৌড়,0,1,0.0,0.0007633587786259542,0.0007633587786259542
ইশরাকের,0,1,0.0,0.0007633587786259542,0.0007633587786259542
কারণেই,0,1,0.0,0.0007633587786259542,0.0007633587786259542
ওইদিন,0,1,0.0,0.0007633587786259542,0.0007633587786259542
আওয়ামিলীগ,0,1,0.0,0.0007633587786259542,0.0007633587786259542
ওর,0,1,0.0,0.0007633587786259542,0.0007633587786259542
হত্যাকান্ড,0,1,0.0,0.0007633587786259542,0.0007633587786259542
দৃষ্টিতে,0,1,0.0,0.0007633587786259542,0.0007633587786259542
খুঁজতে,0,1,0.0,0.0007633587786259542,0.0007633587786259542
হ্যাট্রিক,0,1,0.0,0.0007633587786259542,0.0007633587786259542
জাহেল,0,1,0.0,0.0007633587786259542,0.0007633587786259542
মিথ্যা,0,1,0.0,0.0007633587786259542,0.0007633587786259542
ওয়াও,0,1,0.0,0.0007633587786259542,0.0007633587786259542
মূর্খই,0,1,0.0,0.0007633587786259542,0.0007633587786259542
পর্দা,0,1,0.0,0.0007633587786259542,0.0007633587786259542
মন্ত্রণালয়ে,0,1,0.0,0.0007633587786259542,0.0007633587786259542
বাহিনী,0,1,0.0,0.0007633587786259542,0.0007633587786259542
বসাইলে,0,1,0.0,0.0007633587786259542,0.0007633587786259542
রকম,0,1,0.0,0.0007633587786259542,0.0007633587786259542
dol,0,1,0.0,0.0007633587786259542,0.0007633587786259542
সর্বোচ্চ,0,1,0.0,0.0007633587786259542,0.0007633587786259542
যুদ্ধের,0,1,0.0,0.0007633587786259542,0.0007633587786259542
মাশা,0,1,0.0,0.0007633587786259542,0.0007633587786259542
চাইছে,0,1,0.0,0.0007633587786259542,0.0007633587786259542
মাইর,0,1,0.0,0.0007633587786259542,0.0007633587786259542
বেশিই,0,1,0.0,0.0007633587786259542,0.0007633587786259542
খুনি,0,1,0.0,0.0007633587786259542,0.0007633587786259542
বিপ্লব,0,1,0.0,0.0007633587786259542,0.0007633587786259542
যতটুকু,0,1,0.0,0.0007633587786259542,0.0007633587786259542
চমক,0,1,0.0,0.0007633587786259542,0.0007633587786259542
চোখবন্ধ,0,1,0.0,0.0007633587786259542,0.0007633587786259542
লাসের,0,1,0.0,0.0007633587786259542,0.0007633587786259542
পোদে,0,1,0.0,0.0007633587786259542,0.0007633587786259542
মেনে,0,1,0.0,0.0007633587786259542,0.0007633587786259542
সংবিধানের,0,1,0.0,0.0007633587786259542,0.0007633587786259542
কুনুই,0,1,0.0,0.0007633587786259542,0.0007633587786259542
টিকে,0,1,0.0,0.0007633587786259542,0.0007633587786259542
এখানেই,0,1,0.0,0.0007633587786259542,0.0007633587786259542
প্রত্যেকটাই,0,1,0.0,0.0007633587786259542,0.0007633587786259542
চিহ্নিত,0,1,0.0,0.0007633587786259542,0.0007633587786259542
চল্লিশ,0,1,0.0,0.0007633587786259542,0.0007633587786259542
মাসতুতো,0,1,0.0,0.0007633587786259542,0.0007633587786259542
ঋন,0,1,0.0,0.0007633587786259542,0.0007633587786259542
সালাউদ্দিনের,0,1,0.0,0.0007633587786259542,0.0007633587786259542
বান,0,1,0.0,0.0007633587786259542,0.0007633587786259542
ঘর,0,1,0.0,0.0007633587786259542,0.0007633587786259542
পানির,0,1,0.0,0.0007633587786259542,0.0007633587786259542
গণভোট,0,1,0.0,0.0007633587786259542,0.0007633587786259542
লেখা,0,1,0.0,0.0007633587786259542,0.0007633587786259542
ব্যক্তি,0,1,0.0,0.0007633587786259542,0.0007633587786259542
বকচয়,0,1,0.0,0.0007633587786259542,0.0007633587786259542
লক্ষ্য,0,1,0.0,0.0007633587786259542,0.0007633587786259542
দিল,0,1,0.0,0.0007633587786259542,0.0007633587786259542
আলোচনায়,0,1,0.0,0.0007633587786259542,0.0007633587786259542
একদিকে,0,1,0.0,0.0007633587786259542,0.0007633587786259542
ফালাইতেছে,0,1,0.0,0.0007633587786259542,0.0007633587786259542
joto,0,1,0.0,0.0007633587786259542,0.0007633587786259542
চট্টগ্রামের,0,1,0.0,0.0007633587786259542,0.0007633587786259542
প্রতারণার,0,1,0.0,0.0007633587786259542,0.0007633587786259542
প্রবাদ,0,1,0.0,0.0007633587786259542,0.0007633587786259542
চশমাটা,0,1,0.0,0.0007633587786259542,0.0007633587786259542
চোখে,0,1,0.0,0.0007633587786259542,0.0007633587786259542
লুট,0,1,0.0,0.0007633587786259542,0.0007633587786259542
আল্লাহর,0,1,0.0,0.0007633587786259542,0.0007633587786259542
পারি,0,1,0.0,0.0007633587786259542,0.0007633587786259542
চরম,0,1,0.0,0.0007633587786259542,0.0007633587786259542
বাহির,0,1,0.0,0.0007633587786259542,0.0007633587786259542
এফসিএ,0,1,0.0,0.0007633587786259542,0.0007633587786259542
যেদিন,0,1,0.0,0.0007633587786259542,0.0007633587786259542
তাকেই,0,1,0.0,0.0007633587786259542,0.0007633587786259542
খাট,0,1,0.0,0.0007633587786259542,0.0007633587786259542
তাহাদের,0,1,0.0,0.0007633587786259542,0.0007633587786259542
বছরের,0,1,0.0,0.0007633587786259542,0.0007633587786259542
ইচ্ছা,0,1,0.0,0.0007633587786259542,0.0007633587786259542
মুছে,0,1,0.0,0.0007633587786259542,0.0007633587786259542
মির্জাফর,0,1,0.0,0.0007633587786259542,0.0007633587786259542
জামায়েত,0,1,0.0,0.0007633587786259542,0.0007633587786259542
লোকদেখানো,0,1,0.0,0.0007633587786259542,0.0007633587786259542
ভেংগে,0,1,0.0,0.0007633587786259542,0.0007633587786259542
দিয়েছিল,0,1,0.0,0.0007633587786259542,0.0007633587786259542
মুর্দাবাদ,0,1,0.0,0.0007633587786259542,0.0007633587786259542
বেইমান,0,1,0.0,0.0007633587786259542,0.0007633587786259542
বাজতে,0,1,0.0,0.0007633587786259542,0.0007633587786259542
হালতেজাস,0,1,0.0,0.0007633587786259542,0.0007633587786259542
আম্মুকে,0,1,0.0,0.0007633587786259542,0.0007633587786259542
নেন,0,1,0.0,0.0007633587786259542,0.0007633587786259542
টাও,0,1,0.0,0.0007633587786259542,0.0007633587786259542
জুবায়ের,0,1,0.0,0.0007633587786259542,0.0007633587786259542
বোদাই,0,1,0.0,0.0007633587786259542,0.0007633587786259542
সবজায়গা,0,1,0.0,0.0007633587786259542,0.0007633587786259542
ডিসি,0,1,0.0,0.0007633587786259542,0.0007633587786259542
সাজানো,0,1,0.0,0.0007633587786259542,0.0007633587786259542
লাগিস,0,1,0.0,0.0007633587786259542,0.0007633587786259542
আমিও,0,1,0.0,0.0007633587786259542,0.0007633587786259542
সাল,0,1,0.0,0.0007633587786259542,0.0007633587786259542
দেয়া,0,1,0.0,0.0007633587786259542,0.0007633587786259542
দেখানো,0,1,0.0,0.0007633587786259542,0.0007633587786259542
লাগুক,0,1,0.0,0.0007633587786259542,0.0007633587786259542
ধাপ,0,1,0.0,0.0007633587786259542,0.0007633587786259542
ভদ্রতার,0,1,0.0,0.0007633587786259542,0.0007633587786259542
দিবেনা,0,1,0.0,0.0007633587786259542,0.0007633587786259542
অদ্ভুত,0,1,0.0,0.0007633587786259542,0.0007633587786259542
আওয়ামীলীগ,0,1,0.0,0.0007633587786259542,0.0007633587786259542
তারাও,0,1,0.0,0.0007633587786259542,0.0007633587786259542
হলো,0,1,0.0,0.0007633587786259542,0.0007633587786259542
পর্দানশীল,0,1,0.0,0.0007633587786259542,0.0007633587786259542
gojob,0,1,0.0,0.0007633587786259542,0.0007633587786259542
প্রতিটি,0,1,0.0,0.0007633587786259542,0.0007633587786259542
পড়ে,0,1,0.0,0.0007633587786259542,0.0007633587786259542
আমলে,0,1,0.0,0.0007633587786259542,0.0007633587786259542
হতে,0,1,0.0,0.0007633587786259542,0.0007633587786259542
প্রাতিষ্ঠানিক,0,1,0.0,0.0007633587786259542,0.0007633587786259542
কয়লা,0,1,0.0,0.0007633587786259542,0.0007633587786259542
নজর,0,1,0.0,0.0007633587786259542,0.0007633587786259542
কোমর,0,1,0.0,0.0007633587786259542,0.0007633587786259542
আন্দোলন,0,1,0.0,0.0007633587786259542,0.0007633587786259542
তিন,0,1,0.0,0.0007633587786259542,0.0007633587786259542
মারি,0,1,0.0,0.0007633587786259542,0.0007633587786259542
সবায়,0,1,0.0,0.0007633587786259542,0.0007633587786259542
খোকা,0,1,0.0,0.0007633587786259542,0.0007633587786259542
আপাতত,0,1,0.0,0.0007633587786259542,0.0007633587786259542
বৈরাগী,0,1,0.0,0.0007633587786259542,0.0007633587786259542
শুনি,0,1,0.0,0.0007633587786259542,0.0007633587786259542
ভূমিকম্প,0,1,0.0,0.0007633587786259542,0.0007633587786259542
শুরুতে,0,1,0.0,0.0007633587786259542,0.0007633587786259542
প্রশাসন,0,1,0.0,0.0007633587786259542,0.0007633587786259542
উচ্চশিক্ষিত,0,1,0.0,0.0007633587786259542,0.0007633587786259542
টায়,0,1,0.0,0.0007633587786259542,0.0007633587786259542
সালা,0,1,0.0,0.0007633587786259542,0.0007633587786259542
তেজস,0,1,0.0,0.0007633587786259542,0.0007633587786259542
নাস্তিক,0,1,0.0,0.0007633587786259542,0.0007633587786259542
unar,0,1,0.0,0.0007633587786259542,0.0007633587786259542
অস্বীকার,0,1,0.0,0.0007633587786259542,0.0007633587786259542
আব্বার,0,1,0.0,0.0007633587786259542,0.0007633587786259542
চলবে,0,1,0.0,0.0007633587786259542,0.0007633587786259542
আগেতো,0,1,0.0,0.0007633587786259542,0.0007633587786259542
বারোভাতারি,0,1,0.0,0.0007633587786259542,0.0007633587786259542
চাচ্ছেন,0,1,0.0,0.0007633587786259542,0.0007633587786259542
ভারতীয়,0,1,0.0,0.0007633587786259542,0.0007633587786259542
নিউজ,0,1,0.0,0.0007633587786259542,0.0007633587786259542
সহযোগী,0,1,0.0,0.0007633587786259542,0.0007633587786259542
বিলাসিতা,0,1,0.0,0.0007633587786259542,0.0007633587786259542
যোগ্য,0,1,0.0,0.0007633587786259542,0.0007633587786259542
নায়,0,1,0.0,0.0007633587786259542,0.0007633587786259542
কিছুই,0,1,0.0,0.0007633587786259542,0.0007633587786259542
শুধুমাত্র,0,1,0.0,0.0007633587786259542,0.0007633587786259542
প্লানের,0,1,0.0,0.0007633587786259542,0.0007633587786259542
আওয়ামীবিম্পি,0,1,0.0,0.0007633587786259542,0.0007633587786259542
কতগুলো,0,1,0.0,0.0007633587786259542,0.0007633587786259542
অলরেডি,0,1,0.0,0.0007633587786259542,0.0007633587786259542
upor,0,1,0.0,0.0007633587786259542,0.0007633587786259542
শা,0,1,0.0,0.0007633587786259542,0.0007633587786259542
প্রিয়,0,1,0.0,0.0007633587786259542,0.0007633587786259542
টডা,0,1,0.0,0.0007633587786259542,0.0007633587786259542
নবী,0,1,0.0,0.0007633587786259542,0.0007633587786259542
কত,4,4,0.00266844563042028,0.0030534351145038168,0.0003849894840835368
করতে,4,4,0.00266844563042028,0.0030534351145038168,0.0003849894840835368
নাটক,3,3,0.0020013342228152103,0.0022900763358778627,0.0002887421130626524
বাংলা,3,3,0.0020013342228152103,0.0022900763358778627,0.0002887421130626524
শেষ,3,3,0.0020013342228152103,0.0022900763358778627,0.0002887421130626524
কাজ,3,3,0.0020013342228152103,0.0022900763358778627,0.0002887421130626524
এন,3,3,0.0020013342228152103,0.0022900763358778627,0.0002887421130626524
বিএনপির,10,9,0.0066711140760507,0.006870229007633588,0.00019911493158288746
রহমানের,2,2,0.00133422281521014,0.0015267175572519084,0.0001924947420417684
লাগবে,2,2,0.00133422281521014,0.0015267175572519084,0.0001924947420417684
নয়,2,2,0.00133422281521014,0.0015267175572519084,0.0001924947420417684
তা,2,2,0.00133422281521014,0.0015267175572519084,0.0001924947420417684
উদ্দিন,2,2,0.00133422281521014,0.0015267175572519084,0.0001924947420417684
কর্মী,2,2,0.00133422281521014,0.0015267175572519084,0.0001924947420417684
নাম,2,2,0.00133422281521014,0.0015267175572519084,0.0001924947420417684
আবার,2,2,0.00133422281521014,0.0015267175572519084,0.0001924947420417684
কোন,2,2,0.00133422281521014,0.0015267175572519084,0.0001924947420417684
টা,2,2,0.00133422281521014,0.0015267175572519084,0.0001924947420417684
করার,2,2,0.00133422281521014,0.0015267175572519084,0.0001924947420417684
মীরজাফর,1,1,0.00066711140760507,0.0007633587786259542,9.62473710208842e-05
পোলা,1,1,0.00066711140760507,0.0007633587786259542,9.62473710208842e-05
লাগে,1,1,0.00066711140760507,0.0007633587786259542,9.62473710208842e-05
লিখে,1,1,0.00066711140760507,0.0007633587786259542,9.62473710208842e-05
হোক,1,1,0.00066711140760507,0.0007633587786259542,9.62473710208842e-05
চায়,1,1,0.00066711140760507,0.0007633587786259542,9.62473710208842e-05
কিভাবে,1,1,0.00066711140760507,0.0007633587786259542,9.62473710208842e-05
ওরফে,1,1,0.00066711140760507,0.0007633587786259542,9.62473710208842e-05
বিচারের,1,1,0.00066711140760507,0.0007633587786259542,9.62473710208842e-05
সরকার,1,1,0.00066711140760507,0.0007633587786259542,9.62473710208842e-05
নেতার,1,1,0.00066711140760507,0.0007633587786259542,9.62473710208842e-05
জমিনে,1,1,0.00066711140760507,0.0007633587786259542,9.62473710208842e-05
কয়,1,1,0.00066711140760507,0.0007633587786259542,9.62473710208842e-05
যাচ্ছে,1,1,0.00066711140760507,0.0007633587786259542,9.62473710208842e-05
পাশের,1,1,0.00066711140760507,0.0007633587786259542,9.62473710208842e-05
ভুলে,1,1,0.00066711140760507,0.0007633587786259542,9.62473710208842e-05
জামায়াত,1,1,0.00066711140760507,0.0007633587786259542,9.62473710208842e-05
পরিবার,1,1,0.00066711140760507,0.0007633587786259542,9.62473710208842e-05
তারেকের,1,1,0.00066711140760507,0.0007633587786259542,9.62473710208842e-05
যোদ্ধা,1,1,0.00066711140760507,0.0007633587786259542,9.62473710208842e-05
বাটপারি,1,1,0.00066711140760507,0.0007633587786259542,9.62473710208842e-05
পদে,1,1,0.00066711140760507,0.0007633587786259542,9.62473710208842e-05
দেন,1,1,0.00066711140760507,0.0007633587786259542,9.62473710208842e-05
কারা,1,1,0.00066711140760507,0.0007633587786259542,9.62473710208842e-05
বেসি,1,1,0.00066711140760507,0.0007633587786259542,9.62473710208842e-05
পর,1,1,0.00066711140760507,0.0007633587786259542,9.62473710208842e-05
মানুষের,1,1,0.00066711140760507,0.0007633587786259542,9.62473710208842e-05
মেরে,1,1,0.00066711140760507,0.0007633587786259542,9.62473710208842e-05
জায়গা,1,1,0.00066711140760507,0.0007633587786259542,9.62473710208842e-05
করবো,1,1,0.00066711140760507,0.0007633587786259542,9.62473710208842e-05
দেশের,1,1,0.00066711140760507,0.0007633587786259542,9.62473710208842e-05
সেরা,1,1,0.00066711140760507,0.0007633587786259542,9.62473710208842e-05
জনগন,1,1,0.00066711140760507,0.0007633587786259542,9.62473710208842e-05
অবস্থা,1,1,0.00066711140760507,0.0007633587786259542,9.62473710208842e-05
রূপ,1,1,0.00066711140760507,0.0007633587786259542,9.62473710208842e-05
আসলে,1,1,0.00066711140760507,0.0007633587786259542,9.62473710208842e-05
দেউলিয়া,1,1,0.00066711140760507,0.0007633587786259542,9.62473710208842e-05
এতে,1,1,0.00066711140760507,0.0007633587786259542,9.62473710208842e-05
পক্ষে,1,1,0.00066711140760507,0.0007633587786259542,9.62473710208842e-05
বন্দোবস্ত,1,1,0.00066711140760507,0.0007633587786259542,9.62473710208842e-05
কম,1,1,0.00066711140760507,0.0007633587786259542,9.62473710208842e-05
লাভ,1,1,0.00066711140760507,0.0007633587786259542,9.62473710208842e-05
পির,1,1,0.00066711140760507,0.0007633587786259542,9.62473710208842e-05
জানতে,1,1,0.00066711140760507,0.0007633587786259542,9.62473710208842e-05
ভুল,1,1,0.00066711140760507,0.0007633587786259542,9.62473710208842e-05
ধরনের,1,1,0.00066711140760507,0.0007633587786259542,9.62473710208842e-05
চেয়েও,1,1,0.00066711140760507,0.0007633587786259542,9.62473710208842e-05
বোকা,1,1,0.00066711140760507,0.0007633587786259542,9.62473710208842e-05
আমির,1,1,0.00066711140760507,0.0007633587786259542,9.62473710208842e-05
সার্কাস,1,1,0.00066711140760507,0.0007633587786259542,9.62473710208842e-05
গডফাদার,1,1,0.00066711140760507,0.0007633587786259542,9.62473710208842e-05
হত্যা,1,1,0.00066711140760507,0.0007633587786259542,9.62473710208842e-05
বাংলাদেশে,1,1,0.00066711140760507,0.0007633587786259542,9.62473710208842e-05
শীর্ষে,1,1,0.00066711140760507,0.0007633587786259542,9.62473710208842e-05
আজকে,1,1,0.00066711140760507,0.0007633587786259542,9.62473710208842e-05
লাগিয়ে,1,1,0.00066711140760507,0.0007633587786259542,9.62473710208842e-05
দাম,1,1,0.00066711140760507,0.0007633587786259542,9.62473710208842e-05
বাচ্চা,1,1,0.00066711140760507,0.0007633587786259542,9.62473710208842e-05
পিছনে,1,1,0.00066711140760507,0.0007633587786259542,9.62473710208842e-05
নাহ,1,1,0.00066711140760507,0.0007633587786259542,9.62473710208842e-05
hsc,1,1,0.00066711140760507,0.0007633587786259542,9.62473710208842e-05
মতন,1,1,0.00066711140760507,0.0007633587786259542,9.62473710208842e-05
প্রমাণ,1,1,0.00066711140760507,0.0007633587786259542,9.62473710208842e-05
ঘরের,1,1,0.00066711140760507,0.0007633587786259542,9.62473710208842e-05
মাপের,1,1,0.00066711140760507,0.0007633587786259542,9.62473710208842e-05
তেমন,1,1,0.00066711140760507,0.0007633587786259542,9.62473710208842e-05
কাউকে,1,1,0.00066711140760507,0.0007633587786259542,9.62473710208842e-05
চায়,1,1,0.00066711140760507,0.0007633587786259542,9.62473710208842e-05
দিলেন,1,1,0.00066711140760507,0.0007633587786259542,9.62473710208842e-05
কোনো,1,1,0.00066711140760507,0.0007633587786259542,9.62473710208842e-05
লন্ডনে,1,1,0.00066711140760507,0.0007633587786259542,9.62473710208842e-05
কিসের,1,1,0.00066711140760507,0.0007633587786259542,9.62473710208842e-05
আশা,1,1,0.00066711140760507,0.0007633587786259542,9.62473710208842e-05
চ্যাম্পিয়ন,1,1,0.00066711140760507,0.0007633587786259542,9.62473710208842e-05
গাছ,1,1,0.00066711140760507,0.0007633587786259542,9.62473710208842e-05
এখানে,1,1,0.00066711140760507,0.0007633587786259542,9.62473710208842e-05
সন্দেহ,1,1,0.00066711140760507,0.0007633587786259542,9.62473710208842e-05
নিয়ে,1,1,0.00066711140760507,0.0007633587786259542,9.62473710208842e-05
মাল,1,1,0.00066711140760507,0.0007633587786259542,9.62473710208842e-05
আপনাকে,1,1,0.00066711140760507,0.0007633587786259542,9.62473710208842e-05
কারণে,1,1,0.00066711140760507,0.0007633587786259542,9.62473710208842e-05
বাপের,1,1,0.00066711140760507,0.0007633587786259542,9.62473710208842e-05
রাখতে,1,1,0.00066711140760507,0.0007633587786259542,9.62473710208842e-05
ব্যবসায়ী,1,1,0.00066711140760507,0.0007633587786259542,9.62473710208842e-05
জামায়াতের,1,1,0.00066711140760507,0.0007633587786259542,9.62473710208842e-05
বর্তমান,1,1,0.00066711140760507,0.0007633587786259542,9.62473710208842e-05
রহমান,6,5,0.004002668445630421,0.003816793893129771,-0.00018587455250064977
তাহলে,4,3,0.00266844563042028,0.0022900763358778627,-0.0003783692945424173
নির্বাচন,3,2,0.0020013342228152103,0.0015267175572519084,-0.0004746166655633019
সামনে,3,2,0.0020013342228152103,0.0015267175572519084,-0.0004746166655633019
আগেই,3,2,0.0020013342228152103,0.0015267175572519084,-0.0004746166655633019
পি,3,2,0.0020013342228152103,0.0015267175572519084,-0.0004746166655633019
ইনশাআল্লাহ,3,2,0.0020013342228152103,0.0015267175572519084,-0.0004746166655633019
মেয়াদ,2,1,0.00133422281521014,0.0007633587786259542,-0.0005708640365841858
ব্যবস্থা,2,1,0.00133422281521014,0.0007633587786259542,-0.0005708640365841858
ছাত্র,2,1,0.00133422281521014,0.0007633587786259542,-0.0005708640365841858
ছাত্রদল,2,1,0.00133422281521014,0.0007633587786259542,-0.0005708640365841858
কারন,2,1,0.00133422281521014,0.0007633587786259542,-0.0005708640365841858
নিন,2,1,0.00133422281521014,0.0007633587786259542,-0.0005708640365841858
বড়,2,1,0.00133422281521014,0.0007633587786259542,-0.0005708640365841858
রং,2,1,0.00133422281521014,0.0007633587786259542,-0.0005708640365841858
হাদিকে,2,1,0.00133422281521014,0.0007633587786259542,-0.0005708640365841858
আগের,2,1,0.00133422281521014,0.0007633587786259542,-0.0005708640365841858
সে,2,1,0.00133422281521014,0.0007633587786259542,-0.0005708640365841858
চলে,2,1,0.00133422281521014,0.0007633587786259542,-0.0005708640365841858
যত,2,1,0.00133422281521014,0.0007633587786259542,-0.0005708640365841858
কেমনে,2,1,0.00133422281521014,0.0007633587786259542,-0.0005708640365841858
এমন,2,1,0.00133422281521014,0.0007633587786259542,-0.0005708640365841858
সিদ্ধান্ত,2,1,0.00133422281521014,0.0007633587786259542,-0.0005708640365841858
পাবে,2,1,0.00133422281521014,0.0007633587786259542,-0.0005708640365841858
এইসব,2,1,0.00133422281521014,0.0007633587786259542,-0.0005708640365841858
চুরি,2,1,0.00133422281521014,0.0007633587786259542,-0.0005708640365841858
হাসিনার,2,1,0.00133422281521014,0.0007633587786259542,-0.0005708640365841858
কখনো,2,1,0.00133422281521014,0.0007633587786259542,-0.0005708640365841858
এসে,2,1,0.00133422281521014,0.0007633587786259542,-0.0005708640365841858
মিলে,2,1,0.00133422281521014,0.0007633587786259542,-0.0005708640365841858
দুই,2,1,0.00133422281521014,0.0007633587786259542,-0.0005708640365841858
বিম্পির,2,1,0.00133422281521014,0.0007633587786259542,-0.0005708640365841858
দেখলাম,2,1,0.00133422281521014,0.0007633587786259542,-0.0005708640365841858
অধিকার,2,1,0.00133422281521014,0.0007633587786259542,-0.0005708640365841858
ভারতীয়,2,1,0.00133422281521014,0.0007633587786259542,-0.0005708640365841858
ফ্যামিলি,2,1,0.00133422281521014,0.0007633587786259542,-0.0005708640365841858
সুখ,1,0,0.00066711140760507,0.0,-0.00066711140760507
প্রশাসক,1,0,0.00066711140760507,0.0,-0.00066711140760507
শীষেই,1,0,0.00066711140760507,0.0,-0.00066711140760507
কোথাও,1,0,0.00066711140760507,0.0,-0.00066711140760507
জেমন,1,0,0.00066711140760507,0.0,-0.00066711140760507
টেম্পু,1,0,0.00066711140760507,0.0,-0.00066711140760507
টাকায়,1,0,0.00066711140760507,0.0,-0.00066711140760507
বকছে,1,0,0.00066711140760507,0.0,-0.00066711140760507
চাঁদাবাজির,1,0,0.00066711140760507,0.0,-0.00066711140760507
ইসলামকে,1,0,0.00066711140760507,0.0,-0.00066711140760507
চেয়ে,1,0,0.00066711140760507,0.0,-0.00066711140760507
আহারে,1,0,0.00066711140760507,0.0,-0.00066711140760507
ঘরে,1,0,0.00066711140760507,0.0,-0.00066711140760507
হইবো,1,0,0.00066711140760507,0.0,-0.00066711140760507
এডপ্ট,1,0,0.00066711140760507,0.0,-0.00066711140760507
নিজেরাই,1,0,0.00066711140760507,0.0,-0.00066711140760507
নয়,1,0,0.00066711140760507,0.0,-0.00066711140760507
ছাড়া,1,0,0.00066711140760507,0.0,-0.00066711140760507
abid,1,0,0.00066711140760507,0.0,-0.00066711140760507
সঠিক,1,0,0.00066711140760507,0.0,-0.00066711140760507
জড়িত,1,0,0.00066711140760507,0.0,-0.00066711140760507
বিশ,1,0,0.00066711140760507,0.0,-0.00066711140760507
বলো,1,0,0.00066711140760507,0.0,-0.00066711140760507
পরিনত,1,0,0.00066711140760507,0.0,-0.00066711140760507
মাথায়,1,0,0.00066711140760507,0.0,-0.00066711140760507
চান্দাবাস,1,0,0.00066711140760507,0.0,-0.00066711140760507
জিয়ার,1,0,0.00066711140760507,0.0,-0.00066711140760507
বাইরে,1,0,0.00066711140760507,0.0,-0.00066711140760507
খাওনের,1,0,0.00066711140760507,0.0,-0.00066711140760507
গাধা,1,0,0.00066711140760507,0.0,-0.00066711140760507
তুই,1,0,0.00066711140760507,0.0,-0.00066711140760507
সেজন্যই,1,0,0.00066711140760507,0.0,-0.00066711140760507
ইহো,1,0,0.00066711140760507,0.0,-0.00066711140760507
চলিতেছ,1,0,0.00066711140760507,0.0,-0.00066711140760507
হেদায়েত,1,0,0.00066711140760507,0.0,-0.00066711140760507
খে,1,0,0.00066711140760507,0.0,-0.00066711140760507
রেন্ডিয়ার,1,0,0.00066711140760507,0.0,-0.00066711140760507
ওহন,1,0,0.00066711140760507,0.0,-0.00066711140760507
লোভে,1,0,0.00066711140760507,0.0,-0.00066711140760507
সত্যি,1,0,0.00066711140760507,0.0,-0.00066711140760507
খাম্বাচাই,1,0,0.00066711140760507,0.0,-0.00066711140760507
সুর,1,0,0.00066711140760507,0.0,-0.00066711140760507
বাট,1,0,0.00066711140760507,0.0,-0.00066711140760507
দোয়া,1,0,0.00066711140760507,0.0,-0.00066711140760507
খাম্বাচোর,1,0,0.00066711140760507,0.0,-0.00066711140760507
ডরাইছি,1,0,0.00066711140760507,0.0,-0.00066711140760507
বসলেই,1,0,0.00066711140760507,0.0,-0.00066711140760507
দিয়েছিলেন,1,0,0.00066711140760507,0.0,-0.00066711140760507
দলটা,1,0,0.00066711140760507,0.0,-0.00066711140760507
দিতাছে,1,0,0.00066711140760507,0.0,-0.00066711140760507
খিদে,1,0,0.00066711140760507,0.0,-0.00066711140760507
পরিমাণ,1,0,0.00066711140760507,0.0,-0.00066711140760507
করল,1,0,0.00066711140760507,0.0,-0.00066711140760507
গোবর,1,0,0.00066711140760507,0.0,-0.00066711140760507
গং,1,0,0.00066711140760507,0.0,-0.00066711140760507
আসে,1,0,0.00066711140760507,0.0,-0.00066711140760507
বলতেছে,1,0,0.00066711140760507,0.0,-0.00066711140760507
কেনা,1,0,0.00066711140760507,0.0,-0.00066711140760507
লোকেরা,1,0,0.00066711140760507,0.0,-0.00066711140760507
থানায়,1,0,0.00066711140760507,0.0,-0.00066711140760507
পুরানা,1,0,0.00066711140760507,0.0,-0.00066711140760507
জনকে,1,0,0.00066711140760507,0.0,-0.00066711140760507
ai,1,0,0.00066711140760507,0.0,-0.00066711140760507
স্বর্গে,1,0,0.00066711140760507,0.0,-0.00066711140760507
খবিস,1,0,0.00066711140760507,0.0,-0.00066711140760507
পাব্লিক,1,0,0.00066711140760507,0.0,-0.00066711140760507
জাতীয়বাদী,1,0,0.00066711140760507,0.0,-0.00066711140760507
সোনার,1,0,0.00066711140760507,0.0,-0.00066711140760507
বেরিয়ে,1,0,0.00066711140760507,0.0,-0.00066711140760507
গাজাখোর,1,0,0.00066711140760507,0.0,-0.00066711140760507
রাখ,1,0,0.00066711140760507,0.0,-0.00066711140760507
অভিনয়,1,0,0.00066711140760507,0.0,-0.00066711140760507
করতাম,1,0,0.00066711140760507,0.0,-0.00066711140760507
চান্দাব্বাসকে,1,0,0.00066711140760507,0.0,-0.00066711140760507
গুলোকে,1,0,0.00066711140760507,0.0,-0.00066711140760507
বর্জন,1,0,0.00066711140760507,0.0,-0.00066711140760507
হয়েছিলে,1,0,0.00066711140760507,0.0,-0.00066711140760507
সামাল,1,0,0.00066711140760507,0.0,-0.00066711140760507
জড়িত,1,0,0.00066711140760507,0.0,-0.00066711140760507
ধানে,1,0,0.00066711140760507,0.0,-0.00066711140760507
ছাত্রদলে,1,0,0.00066711140760507,0.0,-0.00066711140760507
বদল,1,0,0.00066711140760507,0.0,-0.00066711140760507
নতুনকরেএকচোরএসেছেদেশেতারেক,1,0,0.00066711140760507,0.0,-0.00066711140760507
ময়মনসিংহ,1,0,0.00066711140760507,0.0,-0.00066711140760507
খাংকির,1,0,0.00066711140760507,0.0,-0.00066711140760507
থাকলে,1,0,0.00066711140760507,0.0,-0.00066711140760507
ছেড়ে,1,0,0.00066711140760507,0.0,-0.00066711140760507
zarek,1,0,0.00066711140760507,0.0,-0.00066711140760507
তাইতো,1,0,0.00066711140760507,0.0,-0.00066711140760507
টিকিটের,1,0,0.00066711140760507,0.0,-0.00066711140760507
জায়গায়,1,0,0.00066711140760507,0.0,-0.00066711140760507
দিবেন,1,0,0.00066711140760507,0.0,-0.00066711140760507
পাওয়া,1,0,0.00066711140760507,0.0,-0.00066711140760507
প্রকাশ,1,0,0.00066711140760507,0.0,-0.00066711140760507
ইংশাললাহ,1,0,0.00066711140760507,0.0,-0.00066711140760507
আওতায়,1,0,0.00066711140760507,0.0,-0.00066711140760507
সমাজ,1,0,0.00066711140760507,0.0,-0.00066711140760507
রাখে,1,0,0.00066711140760507,0.0,-0.00066711140760507
দলই,1,0,0.00066711140760507,0.0,-0.00066711140760507
হ্লা,1,0,0.00066711140760507,0.0,-0.00066711140760507
নামটা,1,0,0.00066711140760507,0.0,-0.00066711140760507
জানেন,1,0,0.00066711140760507,0.0,-0.00066711140760507
মাদার,1,0,0.00066711140760507,0.0,-0.00066711140760507
তোমরা,1,0,0.00066711140760507,0.0,-0.00066711140760507
ভাইয়েরা,1,0,0.00066711140760507,0.0,-0.00066711140760507
পাবেন,1,0,0.00066711140760507,0.0,-0.00066711140760507
আসবে,1,0,0.00066711140760507,0.0,-0.00066711140760507
ত্যার,1,0,0.00066711140760507,0.0,-0.00066711140760507
নিলেই,1,0,0.00066711140760507,0.0,-0.00066711140760507
দুর্নীতি,1,0,0.00066711140760507,0.0,-0.00066711140760507
হারিয়ে,1,0,0.00066711140760507,0.0,-0.00066711140760507
করো,1,0,0.00066711140760507,0.0,-0.00066711140760507
প্রতিযোগিতা,1,0,0.00066711140760507,0.0,-0.00066711140760507
বাবার,1,0,0.00066711140760507,0.0,-0.00066711140760507
হারাবি,1,0,0.00066711140760507,0.0,-0.00066711140760507
প্রথমে,1,0,0.00066711140760507,0.0,-0.00066711140760507
বিরুদ্ধে,1,0,0.00066711140760507,0.0,-0.00066711140760507
একি,1,0,0.00066711140760507,0.0,-0.00066711140760507
হাদীর,1,0,0.00066711140760507,0.0,-0.00066711140760507
রাস্তার,1,0,0.00066711140760507,0.0,-0.00066711140760507
কলিকাতা,1,0,0.00066711140760507,0.0,-0.00066711140760507
যেটা,1,0,0.00066711140760507,0.0,-0.00066711140760507
হাস্যকর,1,0,0.00066711140760507,0.0,-0.00066711140760507
বাড়ি,1,0,0.00066711140760507,0.0,-0.00066711140760507
উঠলো,1,0,0.00066711140760507,0.0,-0.00066711140760507
সুখী,1,0,0.00066711140760507,0.0,-0.00066711140760507
তুমাকেও,1,0,0.00066711140760507,0.0,-0.00066711140760507
শুনে,1,0,0.00066711140760507,0.0,-0.00066711140760507
পরার,1,0,0.00066711140760507,0.0,-0.00066711140760507
পাইছে,1,0,0.00066711140760507,0.0,-0.00066711140760507
স্যার,1,0,0.00066711140760507,0.0,-0.00066711140760507
ঠাই,1,0,0.00066711140760507,0.0,-0.00066711140760507
বংশের,1,0,0.00066711140760507,0.0,-0.00066711140760507
দেখিয়ে,1,0,0.00066711140760507,0.0,-0.00066711140760507
জাতি,1,0,0.00066711140760507,0.0,-0.00066711140760507
লাভের,1,0,0.00066711140760507,0.0,-0.00066711140760507
চাঁদাবাজের,1,0,0.00066711140760507,0.0,-0.00066711140760507
পৃথিবীতে,1,0,0.00066711140760507,0.0,-0.00066711140760507
বিএনপিও,1,0,0.00066711140760507,0.0,-0.00066711140760507
নৌকা,1,0,0.00066711140760507,0.0,-0.00066711140760507
তাইলে,1,0,0.00066711140760507,0.0,-0.00066711140760507
ধরে,1,0,0.00066711140760507,0.0,-0.00066711140760507
বিনপি,1,0,0.00066711140760507,0.0,-0.00066711140760507
বলবো,1,0,0.00066711140760507,0.0,-0.00066711140760507
দাদু,1,0,0.00066711140760507,0.0,-0.00066711140760507
শহর,1,0,0.00066711140760507,0.0,-0.00066711140760507
পাল্লা,1,0,0.00066711140760507,0.0,-0.00066711140760507
পাটোয়ারী,1,0,0.00066711140760507,0.0,-0.00066711140760507
গ্রেফতার,1,0,0.00066711140760507,0.0,-0.00066711140760507
এভাবে,1,0,0.00066711140760507,0.0,-0.00066711140760507
ইসি,1,0,0.00066711140760507,0.0,-0.00066711140760507
জানা,1,0,0.00066711140760507,0.0,-0.00066711140760507
উনাকে,1,0,0.00066711140760507,0.0,-0.00066711140760507
এনে,1,0,0.00066711140760507,0.0,-0.00066711140760507
তাদেরকে,1,0,0.00066711140760507,0.0,-0.00066711140760507
যোগ্যতা,1,0,0.00066711140760507,0.0,-0.00066711140760507
সময়,1,0,0.00066711140760507,0.0,-0.00066711140760507
জনপ্রিয়তা,1,0,0.00066711140760507,0.0,-0.00066711140760507
রেগুলার,1,0,0.00066711140760507,0.0,-0.00066711140760507
চালিয়ে,1,0,0.00066711140760507,0.0,-0.00066711140760507
রুচির,1,0,0.00066711140760507,0.0,-0.00066711140760507
কালার,1,0,0.00066711140760507,0.0,-0.00066711140760507
পারতেন,1,0,0.00066711140760507,0.0,-0.00066711140760507
সম্প্রতি,1,0,0.00066711140760507,0.0,-0.00066711140760507
স্টিল,1,0,0.00066711140760507,0.0,-0.00066711140760507
দোষ,1,0,0.00066711140760507,0.0,-0.00066711140760507
পিছিয়ে,1,0,0.00066711140760507,0.0,-0.00066711140760507
দাবি,1,0,0.00066711140760507,0.0,-0.00066711140760507
চাপা,1,0,0.00066711140760507,0.0,-0.00066711140760507
স্বরাষ্ট্রমন্ত্রী,1,0,0.00066711140760507,0.0,-0.00066711140760507
সাবধান,1,0,0.00066711140760507,0.0,-0.00066711140760507
করিয়ে,1,0,0.00066711140760507,0.0,-0.00066711140760507
কাউন্সিলার,1,0,0.00066711140760507,0.0,-0.00066711140760507
আবিস্কার,1,0,0.00066711140760507,0.0,-0.00066711140760507
অপেক্ষায়,1,0,0.00066711140760507,0.0,-0.00066711140760507
আকেল,1,0,0.00066711140760507,0.0,-0.00066711140760507
তায়ালা,1,0,0.00066711140760507,0.0,-0.00066711140760507
নিশার,1,0,0.00066711140760507,0.0,-0.00066711140760507
পরিকল্পনাকারী,1,0,0.00066711140760507,0.0,-0.00066711140760507
আসন,1,0,0.00066711140760507,0.0,-0.00066711140760507
চাইলে,1,0,0.00066711140760507,0.0,-0.00066711140760507
নামবার,1,0,0.00066711140760507,0.0,-0.00066711140760507
হয়নাই,1,0,0.00066711140760507,0.0,-0.00066711140760507
মালা,1,0,0.00066711140760507,0.0,-0.00066711140760507
রহমাতে,1,0,0.00066711140760507,0.0,-0.00066711140760507
রহস্য,1,0,0.00066711140760507,0.0,-0.00066711140760507
যার,1,0,0.00066711140760507,0.0,-0.00066711140760507
টুকাই,1,0,0.00066711140760507,0.0,-0.00066711140760507
বাড়ির,1,0,0.00066711140760507,0.0,-0.00066711140760507
লজ্জা,1,0,0.00066711140760507,0.0,-0.00066711140760507
ওয়াজ,1,0,0.00066711140760507,0.0,-0.00066711140760507
জুতাপেটা,1,0,0.00066711140760507,0.0,-0.00066711140760507
বাংলাদেশী,1,0,0.00066711140760507,0.0,-0.00066711140760507
সন্ত্রাসীদের,1,0,0.00066711140760507,0.0,-0.00066711140760507
ঠিকনা,1,0,0.00066711140760507,0.0,-0.00066711140760507
নব্য,1,0,0.00066711140760507,0.0,-0.00066711140760507
থাকে,1,0,0.00066711140760507,0.0,-0.00066711140760507
বেঁধে,1,0,0.00066711140760507,0.0,-0.00066711140760507
নেতাদের,1,0,0.00066711140760507,0.0,-0.00066711140760507
প্রবলেম,1,0,0.00066711140760507,0.0,-0.00066711140760507
গুরতেছেন,1,0,0.00066711140760507,0.0,-0.00066711140760507
রুপ,1,0,0.00066711140760507,0.0,-0.00066711140760507
বর,1,0,0.00066711140760507,0.0,-0.00066711140760507
পরেনা,1,0,0.00066711140760507,0.0,-0.00066711140760507
হাহা,1,0,0.00066711140760507,0.0,-0.00066711140760507
মালিক,1,0,0.00066711140760507,0.0,-0.00066711140760507
জাহাননামের,1,0,0.00066711140760507,0.0,-0.00066711140760507
খাওয়া,1,0,0.00066711140760507,0.0,-0.00066711140760507
হবেই,1,0,0.00066711140760507,0.0,-0.00066711140760507
ওভার,1,0,0.00066711140760507,0.0,-0.00066711140760507
আইনের,1,0,0.00066711140760507,0.0,-0.00066711140760507
অটা,1,0,0.00066711140760507,0.0,-0.00066711140760507
কর্মীকে,1,0,0.00066711140760507,0.0,-0.00066711140760507
সংসদ,1,0,0.00066711140760507,0.0,-0.00066711140760507
বুঝে,1,0,0.00066711140760507,0.0,-0.00066711140760507
ফেরত,1,0,0.00066711140760507,0.0,-0.00066711140760507
ভূমিধস,1,0,0.00066711140760507,0.0,-0.00066711140760507
গিরগিটির,1,0,0.00066711140760507,0.0,-0.00066711140760507
গদিতে,1,0,0.00066711140760507,0.0,-0.00066711140760507
ডাইরেক্ট,1,0,0.00066711140760507,0.0,-0.00066711140760507
হাসিনাকে,1,0,0.00066711140760507,0.0,-0.00066711140760507
চান্দাব্বাছ,1,0,0.00066711140760507,0.0,-0.00066711140760507
সবচেয়ে,1,0,0.00066711140760507,0.0,-0.00066711140760507
সহজে,1,0,0.00066711140760507,0.0,-0.00066711140760507
পরকালেও,1,0,0.00066711140760507,0.0,-0.00066711140760507
এলাকার,1,0,0.00066711140760507,0.0,-0.00066711140760507
চান্দাবাজদের,1,0,0.00066711140760507,0.0,-0.00066711140760507
স্কিপ্ট,1,0,0.00066711140760507,0.0,-0.00066711140760507
দাঁড়িপাল্লায়,1,0,0.00066711140760507,0.0,-0.00066711140760507
দান,1,0,0.00066711140760507,0.0,-0.00066711140760507
ভণ্ডামি,1,0,0.00066711140760507,0.0,-0.00066711140760507
সামলানো,1,0,0.00066711140760507,0.0,-0.00066711140760507
দলকে,1,0,0.00066711140760507,0.0,-0.00066711140760507
dekhena,1,0,0.00066711140760507,0.0,-0.00066711140760507
ভয়ে,1,0,0.00066711140760507,0.0,-0.00066711140760507
রক্তে,1,0,0.00066711140760507,0.0,-0.00066711140760507
দিয়েছিস,1,0,0.00066711140760507,0.0,-0.00066711140760507
বাল,1,0,0.00066711140760507,0.0,-0.00066711140760507
ওলি,1,0,0.00066711140760507,0.0,-0.00066711140760507
করেনি,1,0,0.00066711140760507,0.0,-0.00066711140760507
গাম,1,0,0.00066711140760507,0.0,-0.00066711140760507
হুমকি,1,0,0.00066711140760507,0.0,-0.00066711140760507
নামের,1,0,0.00066711140760507,0.0,-0.00066711140760507
এম,1,0,0.00066711140760507,0.0,-0.00066711140760507
ঘনিয়ে,1,0,0.00066711140760507,0.0,-0.00066711140760507
শালারা,1,0,0.00066711140760507,0.0,-0.00066711140760507
দুর,1,0,0.00066711140760507,0.0,-0.00066711140760507
হারবাল,1,0,0.00066711140760507,0.0,-0.00066711140760507
হাসি,1,0,0.00066711140760507,0.0,-0.00066711140760507
নিয়ে,1,0,0.00066711140760507,0.0,-0.00066711140760507
স্লোগান,1,0,0.00066711140760507,0.0,-0.00066711140760507
লন্ডন,1,0,0.00066711140760507,0.0,-0.00066711140760507
সরিয়ে,1,0,0.00066711140760507,0.0,-0.00066711140760507
চেহারাতেই,1,0,0.00066711140760507,0.0,-0.00066711140760507
মুক্তি,1,0,0.00066711140760507,0.0,-0.00066711140760507
খান,1,0,0.00066711140760507,0.0,-0.00066711140760507
খায়ে,1,0,0.00066711140760507,0.0,-0.00066711140760507
পুটকিমারা,1,0,0.00066711140760507,0.0,-0.00066711140760507
সন্ত্রাস,1,0,0.00066711140760507,0.0,-0.00066711140760507
গায়ে,1,0,0.00066711140760507,0.0,-0.00066711140760507
তারে,1,0,0.00066711140760507,0.0,-0.00066711140760507
রেমিটেন্স,1,0,0.00066711140760507,0.0,-0.00066711140760507
মহাশক্তি,1,0,0.00066711140760507,0.0,-0.00066711140760507
ডায়লগ,1,0,0.00066711140760507,0.0,-0.00066711140760507
নেশায়,1,0,0.00066711140760507,0.0,-0.00066711140760507
ব্লেম,1,0,0.00066711140760507,0.0,-0.00066711140760507
সত্য,1,0,0.00066711140760507,0.0,-0.00066711140760507
ওয়ার্ড,1,0,0.00066711140760507,0.0,-0.00066711140760507
সন্ত্রাসকে,1,0,0.00066711140760507,0.0,-0.00066711140760507
পাবলিকের,1,0,0.00066711140760507,0.0,-0.00066711140760507
স্ট্যান্ড,1,0,0.00066711140760507,0.0,-0.00066711140760507
চাপল,1,0,0.00066711140760507,0.0,-0.00066711140760507
আপনে,1,0,0.00066711140760507,0.0,-0.00066711140760507
দাদাদের,1,0,0.00066711140760507,0.0,-0.00066711140760507
করি,1,0,0.00066711140760507,0.0,-0.00066711140760507
মতই,1,0,0.00066711140760507,0.0,-0.00066711140760507
ঠাম্বাচ,1,0,0.00066711140760507,0.0,-0.00066711140760507
স্বৈরাচারকে,1,0,0.00066711140760507,0.0,-0.00066711140760507
দেখব,1,0,0.00066711140760507,0.0,-0.00066711140760507
ফালতু,1,0,0.00066711140760507,0.0,-0.00066711140760507
সার্টিফিকেট,1,0,0.00066711140760507,0.0,-0.00066711140760507
পাগলের,1,0,0.00066711140760507,0.0,-0.00066711140760507
পরিচালনা,1,0,0.00066711140760507,0.0,-0.00066711140760507
ফ্লাউল,1,0,0.00066711140760507,0.0,-0.00066711140760507
নিয়েছে,1,0,0.00066711140760507,0.0,-0.00066711140760507
করেনা,1,0,0.00066711140760507,0.0,-0.00066711140760507
হারবে,1,0,0.00066711140760507,0.0,-0.00066711140760507
দিলি,1,0,0.00066711140760507,0.0,-0.00066711140760507
কিরে,1,0,0.00066711140760507,0.0,-0.00066711140760507
কাউয়া,1,0,0.00066711140760507,0.0,-0.00066711140760507
পোতায়,1,0,0.00066711140760507,0.0,-0.00066711140760507
নির্দেশে,1,0,0.00066711140760507,0.0,-0.00066711140760507
দলের,1,0,0.00066711140760507,0.0,-0.00066711140760507
দূর্নিতির,1,0,0.00066711140760507,0.0,-0.00066711140760507
কুলাঙ্গারি,1,0,0.00066711140760507,0.0,-0.00066711140760507
শহীদ,1,0,0.00066711140760507,0.0,-0.00066711140760507
অন্য,1,0,0.00066711140760507,0.0,-0.00066711140760507
হওয়া,1,0,0.00066711140760507,0.0,-0.00066711140760507
খান্কিরছেলে,1,0,0.00066711140760507,0.0,-0.00066711140760507
রেডি,1,0,0.00066711140760507,0.0,-0.00066711140760507
ক্লিন,1,0,0.00066711140760507,0.0,-0.00066711140760507
দারি,1,0,0.00066711140760507,0.0,-0.00066711140760507
ইফেক্ট,1,0,0.00066711140760507,0.0,-0.00066711140760507
মারচেন,1,0,0.00066711140760507,0.0,-0.00066711140760507
চ্যাটের,1,0,0.00066711140760507,0.0,-0.00066711140760507
হবে৷,1,0,0.00066711140760507,0.0,-0.00066711140760507
দেখ,1,0,0.00066711140760507,0.0,-0.00066711140760507
গোর,1,0,0.00066711140760507,0.0,-0.00066711140760507
ভিষা,1,0,0.00066711140760507,0.0,-0.00066711140760507
দুর্নীতির,1,0,0.00066711140760507,0.0,-0.00066711140760507
আনা,1,0,0.00066711140760507,0.0,-0.00066711140760507
নাতক,1,0,0.00066711140760507,0.0,-0.00066711140760507
টেকনিক,1,0,0.00066711140760507,0.0,-0.00066711140760507
সালায়,1,0,0.00066711140760507,0.0,-0.00066711140760507
হইলা,1,0,0.00066711140760507,0.0,-0.00066711140760507
খারাপ,1,0,0.00066711140760507,0.0,-0.00066711140760507
ভাবা,1,0,0.00066711140760507,0.0,-0.00066711140760507
খাম্বাটা,1,0,0.00066711140760507,0.0,-0.00066711140760507
খেলায়,1,0,0.00066711140760507,0.0,-0.00066711140760507
ধান,1,0,0.00066711140760507,0.0,-0.00066711140760507
বুঝান,1,0,0.00066711140760507,0.0,-0.00066711140760507
সিঙ্গাপুরে,1,0,0.00066711140760507,0.0,-0.00066711140760507
আপাকে,1,0,0.00066711140760507,0.0,-0.00066711140760507
ঈমান,1,0,0.00066711140760507,0.0,-0.00066711140760507
দিতেছে,1,0,0.00066711140760507,0.0,-0.00066711140760507
তাও,1,0,0.00066711140760507,0.0,-0.00066711140760507
চাই,1,0,0.00066711140760507,0.0,-0.00066711140760507
পড়েছে,1,0,0.00066711140760507,0.0,-0.00066711140760507
সুতরাং,1,0,0.00066711140760507,0.0,-0.00066711140760507
গাছের,1,0,0.00066711140760507,0.0,-0.00066711140760507
একেবারেই,1,0,0.00066711140760507,0.0,-0.00066711140760507
ধামরা,1,0,0.00066711140760507,0.0,-0.00066711140760507
অবশ্যই,1,0,0.00066711140760507,0.0,-0.00066711140760507
সত্যিই,1,0,0.00066711140760507,0.0,-0.00066711140760507
মহাশান্তি,1,0,0.00066711140760507,0.0,-0.00066711140760507
সৈরাচার,1,0,0.00066711140760507,0.0,-0.00066711140760507
বানিয়ে,1,0,0.00066711140760507,0.0,-0.00066711140760507
স্টান,1,0,0.00066711140760507,0.0,-0.00066711140760507
দেয়,1,0,0.00066711140760507,0.0,-0.00066711140760507
জবাব,1,0,0.00066711140760507,0.0,-0.00066711140760507
বসায়,1,0,0.00066711140760507,0.0,-0.00066711140760507
খায়,1,0,0.00066711140760507,0.0,-0.00066711140760507
নিলাম,1,0,0.00066711140760507,0.0,-0.00066711140760507
এমনই,1,0,0.00066711140760507,0.0,-0.00066711140760507
কারনে,1,0,0.00066711140760507,0.0,-0.00066711140760507
আকাম,1,0,0.00066711140760507,0.0,-0.00066711140760507
পচাইছে,1,0,0.00066711140760507,0.0,-0.00066711140760507
কয়,1,0,0.00066711140760507,0.0,-0.00066711140760507
এতো,1,0,0.00066711140760507,0.0,-0.00066711140760507
বিমানটি,1,0,0.00066711140760507,0.0,-0.00066711140760507
শিস,1,0,0.00066711140760507,0.0,-0.00066711140760507
চাঁন্দাবাসকে,1,0,0.00066711140760507,0.0,-0.00066711140760507
ডোবানোর,1,0,0.00066711140760507,0.0,-0.00066711140760507
তোমাকে,1,0,0.00066711140760507,0.0,-0.00066711140760507
উনাদের,1,0,0.00066711140760507,0.0,-0.00066711140760507
খেলাপি,1,0,0.00066711140760507,0.0,-0.00066711140760507
তোরে,1,0,0.00066711140760507,0.0,-0.00066711140760507
রাজনিতির,1,0,0.00066711140760507,0.0,-0.00066711140760507
ঞ্জিকা,1,0,0.00066711140760507,0.0,-0.00066711140760507
পাইলো,1,0,0.00066711140760507,0.0,-0.00066711140760507
দেখছি,1,0,0.00066711140760507,0.0,-0.00066711140760507
আয়রে,1,0,0.00066711140760507,0.0,-0.00066711140760507
বোড,1,0,0.00066711140760507,0.0,-0.00066711140760507
পরিবারতন্ত্রকে,1,0,0.00066711140760507,0.0,-0.00066711140760507
করছো,1,0,0.00066711140760507,0.0,-0.00066711140760507
আপনাদের,1,0,0.00066711140760507,0.0,-0.00066711140760507
য়ে,1,0,0.00066711140760507,0.0,-0.00066711140760507
পরকাল,1,0,0.00066711140760507,0.0,-0.00066711140760507
ঘোষণা,1,0,0.00066711140760507,0.0,-0.00066711140760507
পার্সেন্ট,1,0,0.00066711140760507,0.0,-0.00066711140760507
জায়েজ,1,0,0.00066711140760507,0.0,-0.00066711140760507
গ্রহণ,1,0,0.00066711140760507,0.0,-0.00066711140760507
টাকার,1,0,0.00066711140760507,0.0,-0.00066711140760507
পুনর্বাসনের,1,0,0.00066711140760507,0.0,-0.00066711140760507
পরিমান,1,0,0.00066711140760507,0.0,-0.00066711140760507
দিয়েই,1,0,0.00066711140760507,0.0,-0.00066711140760507
বড়,1,0,0.00066711140760507,0.0,-0.00066711140760507
সিউর,1,0,0.00066711140760507,0.0,-0.00066711140760507
মহিলা,1,0,0.00066711140760507,0.0,-0.00066711140760507
জিন্দাবাদ,1,0,0.00066711140760507,0.0,-0.00066711140760507
সামলাবে,1,0,0.00066711140760507,0.0,-0.00066711140760507
বিক্রিতে,1,0,0.00066711140760507,0.0,-0.00066711140760507
কাল,1,0,0.00066711140760507,0.0,-0.00066711140760507
কাদের,1,0,0.00066711140760507,0.0,-0.00066711140760507
ডাকাতিদের,1,0,0.00066711140760507,0.0,-0.00066711140760507
নম্বরে,1,0,0.00066711140760507,0.0,-0.00066711140760507
হত্যাকারীর,1,0,0.00066711140760507,0.0,-0.00066711140760507
কথার,1,0,0.00066711140760507,0.0,-0.00066711140760507
এটু,1,0,0.00066711140760507,0.0,-0.00066711140760507
পরবে,1,0,0.00066711140760507,0.0,-0.00066711140760507
বিক্রিকারী,1,0,0.00066711140760507,0.0,-0.00066711140760507
খাম,1,0,0.00066711140760507,0.0,-0.00066711140760507
পারলাম,1,0,0.00066711140760507,0.0,-0.00066711140760507
ফূলের,1,0,0.00066711140760507,0.0,-0.00066711140760507
টেম্পো,1,0,0.00066711140760507,0.0,-0.00066711140760507
শ্যাস,1,0,0.00066711140760507,0.0,-0.00066711140760507
লিডার,1,0,0.00066711140760507,0.0,-0.00066711140760507
দেখাবি,1,0,0.00066711140760507,0.0,-0.00066711140760507
কারে,1,0,0.00066711140760507,0.0,-0.00066711140760507
মওলানা,1,0,0.00066711140760507,0.0,-0.00066711140760507
পরকালের,1,0,0.00066711140760507,0.0,-0.00066711140760507
দেখতেছি,1,0,0.00066711140760507,0.0,-0.00066711140760507
জানাবেন,1,0,0.00066711140760507,0.0,-0.00066711140760507
আরেকটা,1,0,0.00066711140760507,0.0,-0.00066711140760507
ভরপুর,1,0,0.00066711140760507,0.0,-0.00066711140760507
দিলেও,1,0,0.00066711140760507,0.0,-0.00066711140760507
শাপের,1,0,0.00066711140760507,0.0,-0.00066711140760507
জানে,1,0,0.00066711140760507,0.0,-0.00066711140760507
সস্তা,1,0,0.00066711140760507,0.0,-0.00066711140760507
ওবায়দুল,1,0,0.00066711140760507,0.0,-0.00066711140760507
সবকিছুই,1,0,0.00066711140760507,0.0,-0.00066711140760507
ছাপড়িদের,1,0,0.00066711140760507,0.0,-0.00066711140760507
কাছেও,1,0,0.00066711140760507,0.0,-0.00066711140760507
চ্যামফিয়ান,1,0,0.00066711140760507,0.0,-0.00066711140760507
যায়নি,1,0,0.00066711140760507,0.0,-0.00066711140760507
হাদীকে,1,0,0.00066711140760507,0.0,-0.00066711140760507
খাম্ব,1,0,0.00066711140760507,0.0,-0.00066711140760507
লন্ডনের,1,0,0.00066711140760507,0.0,-0.00066711140760507
শান্তিপূর্ণভাবে,1,0,0.00066711140760507,0.0,-0.00066711140760507
রাজনীতির,1,0,0.00066711140760507,0.0,-0.00066711140760507
বাঁচার,1,0,0.00066711140760507,0.0,-0.00066711140760507
egla,1,0,0.00066711140760507,0.0,-0.00066711140760507
কথাবার্তা,1,0,0.00066711140760507,0.0,-0.00066711140760507
একমাত্র,1,0,0.00066711140760507,0.0,-0.00066711140760507
আখেরাতে,1,0,0.00066711140760507,0.0,-0.00066711140760507
অন্যকে,1,0,0.00066711140760507,0.0,-0.00066711140760507
গুলিস্তানের,1,0,0.00066711140760507,0.0,-0.00066711140760507
ভাগীদার,1,0,0.00066711140760507,0.0,-0.00066711140760507
হাল্লা,1,0,0.00066711140760507,0.0,-0.00066711140760507
বিস,1,0,0.00066711140760507,0.0,-0.00066711140760507
কালকে,1,0,0.00066711140760507,0.0,-0.00066711140760507
বুদ্ধি,1,0,0.00066711140760507,0.0,-0.00066711140760507
বুলি,1,0,0.00066711140760507,0.0,-0.00066711140760507
chagol,1,0,0.00066711140760507,0.0,-0.00066711140760507
চালাতে,1,0,0.00066711140760507,0.0,-0.00066711140760507
আসবা,1,0,0.00066711140760507,0.0,-0.00066711140760507
বদলে,1,0,0.00066711140760507,0.0,-0.00066711140760507
বয়সেও,1,0,0.00066711140760507,0.0,-0.00066711140760507
ব্যবসার,1,0,0.00066711140760507,0.0,-0.00066711140760507
করস,1,0,0.00066711140760507,0.0,-0.00066711140760507
তোমাদের,1,0,0.00066711140760507,0.0,-0.00066711140760507
বিহীন,1,0,0.00066711140760507,0.0,-0.00066711140760507
কেঁপে,1,0,0.00066711140760507,0.0,-0.00066711140760507
বডিটা,1,0,0.00066711140760507,0.0,-0.00066711140760507
ক্ষেতেও,1,0,0.00066711140760507,0.0,-0.00066711140760507
ইনশাল্লাহ,1,0,0.00066711140760507,0.0,-0.00066711140760507
জনপ্রতিনিধি,1,0,0.00066711140760507,0.0,-0.00066711140760507
tia,1,0,0.00066711140760507,0.0,-0.00066711140760507
মামলা,1,0,0.00066711140760507,0.0,-0.00066711140760507
হাদিস,1,0,0.00066711140760507,0.0,-0.00066711140760507
কচু,1,0,0.00066711140760507,0.0,-0.00066711140760507
মিক্সি,1,0,0.00066711140760507,0.0,-0.00066711140760507
পাড়ি,1,0,0.00066711140760507,0.0,-0.00066711140760507
চেঞ্জ,1,0,0.00066711140760507,0.0,-0.00066711140760507
ব্যক্তিগতভাবে,1,0,0.00066711140760507,0.0,-0.00066711140760507
পানি,1,0,0.00066711140760507,0.0,-0.00066711140760507
হঠাৎ,1,0,0.00066711140760507,0.0,-0.00066711140760507
আস,1,0,0.00066711140760507,0.0,-0.00066711140760507
বিএনপিকে,1,0,0.00066711140760507,0.0,-0.00066711140760507
মীরজা,1,0,0.00066711140760507,0.0,-0.00066711140760507
ভালুকা,1,0,0.00066711140760507,0.0,-0.00066711140760507
এটাও,1,0,0.00066711140760507,0.0,-0.00066711140760507
বোকাচোদা,1,0,0.00066711140760507,0.0,-0.00066711140760507
ভর্তি,1,0,0.00066711140760507,0.0,-0.00066711140760507
কলে,1,0,0.00066711140760507,0.0,-0.00066711140760507
কুত্তার,1,0,0.00066711140760507,0.0,-0.00066711140760507
বাচাইব,1,0,0.00066711140760507,0.0,-0.00066711140760507
দের,1,0,0.00066711140760507,0.0,-0.00066711140760507
হবেন,1,0,0.00066711140760507,0.0,-0.00066711140760507
একেবারে,1,0,0.00066711140760507,0.0,-0.00066711140760507
ঋণ,1,0,0.00066711140760507,0.0,-0.00066711140760507
হত্যাই,1,0,0.00066711140760507,0.0,-0.00066711140760507
দাঁড়িপাল্লা,1,0,0.00066711140760507,0.0,-0.00066711140760507
প্রকৃত,1,0,0.00066711140760507,0.0,-0.00066711140760507
নামাজের,1,0,0.00066711140760507,0.0,-0.00066711140760507
বিশ্ববিদ্যালয়ের,1,0,0.00066711140760507,0.0,-0.00066711140760507
চাদাবাজএমনহয়,1,0,0.00066711140760507,0.0,-0.00066711140760507
খামরে,1,0,0.00066711140760507,0.0,-0.00066711140760507
গাছরা,1,0,0.00066711140760507,0.0,-0.00066711140760507
বাইনচোদ,1,0,0.00066711140760507,0.0,-0.00066711140760507
বদ্দারা,1,0,0.00066711140760507,0.0,-0.00066711140760507
এহ,1,0,0.00066711140760507,0.0,-0.00066711140760507
মাগনা,1,0,0.00066711140760507,0.0,-0.00066711140760507
হেতে,1,0,0.00066711140760507,0.0,-0.00066711140760507
হটাও,1,0,0.00066711140760507,0.0,-0.00066711140760507
শরম,1,0,0.00066711140760507,0.0,-0.00066711140760507
বুঝেন,1,0,0.00066711140760507,0.0,-0.00066711140760507
বলবেন,1,0,0.00066711140760507,0.0,-0.00066711140760507
সকালে,1,0,0.00066711140760507,0.0,-0.00066711140760507
লোকদেরকে,1,0,0.00066711140760507,0.0,-0.00066711140760507
বাশ,1,0,0.00066711140760507,0.0,-0.00066711140760507
সেটিং,1,0,0.00066711140760507,0.0,-0.00066711140760507
দেখিয়ে,1,0,0.00066711140760507,0.0,-0.00066711140760507
বুড়া,1,0,0.00066711140760507,0.0,-0.00066711140760507
ঐটা,1,0,0.00066711140760507,0.0,-0.00066711140760507
হইতেছে,1,0,0.00066711140760507,0.0,-0.00066711140760507
দিচ্ছেন,1,0,0.00066711140760507,0.0,-0.00066711140760507
হটাতে,1,0,0.00066711140760507,0.0,-0.00066711140760507
ফ্রি,1,0,0.00066711140760507,0.0,-0.00066711140760507
মেন্ট্রাল,1,0,0.00066711140760507,0.0,-0.00066711140760507
মেধাবী,1,0,0.00066711140760507,0.0,-0.00066711140760507
হারার,1,0,0.00066711140760507,0.0,-0.00066711140760507
চামচাই,1,0,0.00066711140760507,0.0,-0.00066711140760507
ইহকালেও,1,0,0.00066711140760507,0.0,-0.00066711140760507
রিমান্ডে,1,0,0.00066711140760507,0.0,-0.00066711140760507
জান্নাতে,1,0,0.00066711140760507,0.0,-0.00066711140760507
চাঁদ্দাব্বাস,1,0,0.00066711140760507,0.0,-0.00066711140760507
মারবো,1,0,0.00066711140760507,0.0,-0.00066711140760507
রেজাল্ট,1,0,0.00066711140760507,0.0,-0.00066711140760507
ভাষণ,1,0,0.00066711140760507,0.0,-0.00066711140760507
ক্ষতি,1,0,0.00066711140760507,0.0,-0.00066711140760507
ফ্যাক্টরি,1,0,0.00066711140760507,0.0,-0.00066711140760507
কর্মের,1,0,0.00066711140760507,0.0,-0.00066711140760507
কোনটা,1,0,0.00066711140760507,0.0,-0.00066711140760507
কাছেই,1,0,0.00066711140760507,0.0,-0.00066711140760507
নিজেরা,1,0,0.00066711140760507,0.0,-0.00066711140760507
বউ,1,0,0.00066711140760507,0.0,-0.00066711140760507
যোগ,1,0,0.00066711140760507,0.0,-0.00066711140760507
চালাক,1,0,0.00066711140760507,0.0,-0.00066711140760507
থাকেন,1,0,0.00066711140760507,0.0,-0.00066711140760507
ডেড,1,0,0.00066711140760507,0.0,-0.00066711140760507
দয়া,1,0,0.00066711140760507,0.0,-0.00066711140760507
বিদেশে,1,0,0.00066711140760507,0.0,-0.00066711140760507
দেশনেতার,1,0,0.00066711140760507,0.0,-0.00066711140760507
জামানত,1,0,0.00066711140760507,0.0,-0.00066711140760507
খেয়েছে,1,0,0.00066711140760507,0.0,-0.00066711140760507
এলাকায়,1,0,0.00066711140760507,0.0,-0.00066711140760507
জান,1,0,0.00066711140760507,0.0,-0.00066711140760507
ঠিকানা,1,0,0.00066711140760507,0.0,-0.00066711140760507
আরেকটি,1,0,0.00066711140760507,0.0,-0.00066711140760507
আল্লামা,1,0,0.00066711140760507,0.0,-0.00066711140760507
টেন,1,0,0.00066711140760507,0.0,-0.00066711140760507
পরকালে,1,0,0.00066711140760507,0.0,-0.00066711140760507
পাক্কা,1,0,0.00066711140760507,0.0,-0.00066711140760507
ভাব,1,0,0.00066711140760507,0.0,-0.00066711140760507
আম্নের,1,0,0.00066711140760507,0.0,-0.00066711140760507
ফিরছে,1,0,0.00066711140760507,0.0,-0.00066711140760507
মুরিদেরা,1,0,0.00066711140760507,0.0,-0.00066711140760507
পাগলামি,1,0,0.00066711140760507,0.0,-0.00066711140760507
ভাতের,1,0,0.00066711140760507,0.0,-0.00066711140760507
গঠন,1,0,0.00066711140760507,0.0,-0.00066711140760507
কমছে,1,0,0.00066711140760507,0.0,-0.00066711140760507
ক্ষমতার,1,0,0.00066711140760507,0.0,-0.00066711140760507
ভূমিকায়,1,0,0.00066711140760507,0.0,-0.00066711140760507
আওমীলিগ,1,0,0.00066711140760507,0.0,-0.00066711140760507
বিএনপিতে,1,0,0.00066711140760507,0.0,-0.00066711140760507
প্রকাশ্যে,1,0,0.00066711140760507,0.0,-0.00066711140760507
হে,1,0,0.00066711140760507,0.0,-0.00066711140760507
ধর্মের,1,0,0.00066711140760507,0.0,-0.00066711140760507
বোমা,1,0,0.00066711140760507,0.0,-0.00066711140760507
শ্বশুর,1,0,0.00066711140760507,0.0,-0.00066711140760507
গেছিলো,1,0,0.00066711140760507,0.0,-0.00066711140760507
বানানো,1,0,0.00066711140760507,0.0,-0.00066711140760507
ভুলভাল,1,0,0.00066711140760507,0.0,-0.00066711140760507
অপরিসীম,1,0,0.00066711140760507,0.0,-0.00066711140760507
আপনারাই,1,0,0.00066711140760507,0.0,-0.00066711140760507
শুনতাম,1,0,0.00066711140760507,0.0,-0.00066711140760507
নো,1,0,0.00066711140760507,0.0,-0.00066711140760507
বাঁচাও,1,0,0.00066711140760507,0.0,-0.00066711140760507
সাহেবের,1,0,0.00066711140760507,0.0,-0.00066711140760507
চান্দাব্বাসদের,1,0,0.00066711140760507,0.0,-0.00066711140760507
হ্যাঁ,1,0,0.00066711140760507,0.0,-0.00066711140760507
গান্জা,1,0,0.00066711140760507,0.0,-0.00066711140760507
বদলাইছে,1,0,0.00066711140760507,0.0,-0.00066711140760507
বিডিউ,1,0,0.00066711140760507,0.0,-0.00066711140760507
স্থান,1,0,0.00066711140760507,0.0,-0.00066711140760507
দিছিলাম,1,0,0.00066711140760507,0.0,-0.00066711140760507
পরিচয়,1,0,0.00066711140760507,0.0,-0.00066711140760507
ছাপড়ি,1,0,0.00066711140760507,0.0,-0.00066711140760507
সিস,1,0,0.00066711140760507,0.0,-0.00066711140760507
মাতাল,1,0,0.00066711140760507,0.0,-0.00066711140760507
সেভ,1,0,0.00066711140760507,0.0,-0.00066711140760507
জয়,1,0,0.00066711140760507,0.0,-0.00066711140760507
শাওয়া,1,0,0.00066711140760507,0.0,-0.00066711140760507
গাঁজার,1,0,0.00066711140760507,0.0,-0.00066711140760507
হবেনা,1,0,0.00066711140760507,0.0,-0.00066711140760507
ছেলে,1,0,0.00066711140760507,0.0,-0.00066711140760507
যেভাবে,1,0,0.00066711140760507,0.0,-0.00066711140760507
অন্তরে,1,0,0.00066711140760507,0.0,-0.00066711140760507
হল,1,0,0.00066711140760507,0.0,-0.00066711140760507
ছয়টা,1,0,0.00066711140760507,0.0,-0.00066711140760507
বেড়াচ্ছে,1,0,0.00066711140760507,0.0,-0.00066711140760507
চাওয়ার,1,0,0.00066711140760507,0.0,-0.00066711140760507
বলেছিলেন,1,0,0.00066711140760507,0.0,-0.00066711140760507
জিজ্ঞাসা,1,0,0.00066711140760507,0.0,-0.00066711140760507
পতনের,1,0,0.00066711140760507,0.0,-0.00066711140760507
বিএনপি,23,19,0.015343562374916611,0.01450381679389313,-0.0008397455810234822
ভাই,6,4,0.004002668445630421,0.0030534351145038168,-0.0009492333311266038
নতুন,5,3,0.00333555703802535,0.0022900763358778627,-0.0010454807021474874
নাকি,4,2,0.00266844563042028,0.0015267175572519084,-0.0011417280731683716
লীগের,4,2,0.00266844563042028,0.0015267175572519084,-0.0011417280731683716
পারে,4,2,0.00266844563042028,0.0015267175572519084,-0.0011417280731683716
চাঁদাবাজ,4,2,0.00266844563042028,0.0015267175572519084,-0.0011417280731683716
করতেছে,4,2,0.00266844563042028,0.0015267175572519084,-0.0011417280731683716
বলেন,3,1,0.0020013342228152103,0.0007633587786259542,-0.0012379754441892562
রাজাকার,3,1,0.0020013342228152103,0.0007633587786259542,-0.0012379754441892562
মুখে,3,1,0.0020013342228152103,0.0007633587786259542,-0.0012379754441892562
দেখে,3,1,0.0020013342228152103,0.0007633587786259542,-0.0012379754441892562
আল্লাহ,3,1,0.0020013342228152103,0.0007633587786259542,-0.0012379754441892562
করুন,3,1,0.0020013342228152103,0.0007633587786259542,-0.0012379754441892562
সকল,3,1,0.0020013342228152103,0.0007633587786259542,-0.0012379754441892562
মতো,3,1,0.0020013342228152103,0.0007633587786259542,-0.0012379754441892562
পরিবর্তন,2,0,0.00133422281521014,0.0,-0.00133422281521014
চাদা,2,0,0.00133422281521014,0.0,-0.00133422281521014
ঔষধ,2,0,0.00133422281521014,0.0,-0.00133422281521014
ছে,2,0,0.00133422281521014,0.0,-0.00133422281521014
নেতাই,2,0,0.00133422281521014,0.0,-0.00133422281521014
তুলতে,2,0,0.00133422281521014,0.0,-0.00133422281521014
বাজ,2,0,0.00133422281521014,0.0,-0.00133422281521014
দেয়,2,0,0.00133422281521014,0.0,-0.00133422281521014
লাল,2,0,0.00133422281521014,0.0,-0.00133422281521014
হিসেবে,2,0,0.00133422281521014,0.0,-0.00133422281521014
বললে,2,0,0.00133422281521014,0.0,-0.00133422281521014
কেনো,2,0,0.00133422281521014,0.0,-0.00133422281521014
বলেছে,2,0,0.00133422281521014,0.0,-0.00133422281521014
নির্বাচিত,2,0,0.00133422281521014,0.0,-0.00133422281521014
দেখেন,2,0,0.00133422281521014,0.0,-0.00133422281521014
তুলবো,2,0,0.00133422281521014,0.0,-0.00133422281521014
জনগণকে,2,0,0.00133422281521014,0.0,-0.00133422281521014
তৈরি,2,0,0.00133422281521014,0.0,-0.00133422281521014
শত,2,0,0.00133422281521014,0.0,-0.00133422281521014
আরকি,2,0,0.00133422281521014,0.0,-0.00133422281521014
থ্রেড,2,0,0.00133422281521014,0.0,-0.00133422281521014
লোকজন,2,0,0.00133422281521014,0.0,-0.00133422281521014
করবেন,2,0,0.00133422281521014,0.0,-0.00133422281521014
বাংলার,2,0,0.00133422281521014,0.0,-0.00133422281521014
ডুকতে,2,0,0.00133422281521014,0.0,-0.00133422281521014
মোদের,2,0,0.00133422281521014,0.0,-0.00133422281521014
নাটকের,2,0,0.00133422281521014,0.0,-0.00133422281521014
বিশ্বাস,2,0,0.00133422281521014,0.0,-0.00133422281521014
পারবো,2,0,0.00133422281521014,0.0,-0.00133422281521014
থাকবে,2,0,0.00133422281521014,0.0,-0.00133422281521014
মিলেমিশে,2,0,0.00133422281521014,0.0,-0.00133422281521014
এতদিন,2,0,0.00133422281521014,0.0,-0.00133422281521014
জামাতের,2,0,0.00133422281521014,0.0,-0.00133422281521014
এরকম,2,0,0.00133422281521014,0.0,-0.00133422281521014
চলছে,2,0,0.00133422281521014,0.0,-0.00133422281521014
বিনোদন,2,0,0.00133422281521014,0.0,-0.00133422281521014
হত্যার,2,0,0.00133422281521014,0.0,-0.00133422281521014
বলুন,2,0,0.00133422281521014,0.0,-0.00133422281521014
বাধা,2,0,0.00133422281521014,0.0,-0.00133422281521014
বয়কট,2,0,0.00133422281521014,0.0,-0.00133422281521014
সময়,2,0,0.00133422281521014,0.0,-0.00133422281521014
ধংস,2,0,0.00133422281521014,0.0,-0.00133422281521014
গাঞ্জা,2,0,0.00133422281521014,0.0,-0.00133422281521014
জন্যই,2,0,0.00133422281521014,0.0,-0.00133422281521014
এরা,2,0,0.00133422281521014,0.0,-0.00133422281521014
করেছেন,2,0,0.00133422281521014,0.0,-0.00133422281521014
দেব,2,0,0.00133422281521014,0.0,-0.00133422281521014
বয়কট,2,0,0.00133422281521014,0.0,-0.00133422281521014
বুঝতে,2,0,0.00133422281521014,0.0,-0.00133422281521014
দিচ্ছে,2,0,0.00133422281521014,0.0,-0.00133422281521014
ধর্ম,2,0,0.00133422281521014,0.0,-0.00133422281521014
শীষ,2,0,0.00133422281521014,0.0,-0.00133422281521014
দেখি,2,0,0.00133422281521014,0.0,-0.00133422281521014
মাথা,2,0,0.00133422281521014,0.0,-0.00133422281521014
খাইলে,2,0,0.00133422281521014,0.0,-0.00133422281521014
সুন্দর,2,0,0.00133422281521014,0.0,-0.00133422281521014
রঙ,2,0,0.00133422281521014,0.0,-0.00133422281521014
খেয়ে,2,0,0.00133422281521014,0.0,-0.00133422281521014
করছেন,2,0,0.00133422281521014,0.0,-0.00133422281521014
গেল,2,0,0.00133422281521014,0.0,-0.00133422281521014
দিলেই,2,0,0.00133422281521014,0.0,-0.00133422281521014
খমতায়,2,0,0.00133422281521014,0.0,-0.00133422281521014
নামে,2,0,0.00133422281521014,0.0,-0.00133422281521014
তাকে,2,0,0.00133422281521014,0.0,-0.00133422281521014
ফখরুল,2,0,0.00133422281521014,0.0,-0.00133422281521014
ছাড়া,2,0,0.00133422281521014,0.0,-0.00133422281521014
চোরা,2,0,0.00133422281521014,0.0,-0.00133422281521014
নিতে,2,0,0.00133422281521014,0.0,-0.00133422281521014
তারিখে,2,0,0.00133422281521014,0.0,-0.00133422281521014
ভালোই,2,0,0.00133422281521014,0.0,-0.00133422281521014
বক্তব্য,2,0,0.00133422281521014,0.0,-0.00133422281521014
হয়ে,6,3,0.004002668445630421,0.0022900763358778627,-0.001712592109752558
বলে,5,2,0.00333555703802535,0.0015267175572519084,-0.0018088394807734417
সবাই,5,2,0.00333555703802535,0.0015267175572519084,-0.0018088394807734417
বসে,4,1,0.00266844563042028,0.0007633587786259542,-0.0019050868517943259
চান্দাব্বাস,4,1,0.00266844563042028,0.0007633587786259542,-0.0019050868517943259
আসছে,4,1,0.00266844563042028,0.0007633587786259542,-0.0019050868517943259
কাকু,4,1,0.00266844563042028,0.0007633587786259542,-0.0019050868517943259
দলে,4,1,0.00266844563042028,0.0007633587786259542,-0.0019050868517943259
দিবে,4,1,0.00266844563042028,0.0007633587786259542,-0.0019050868517943259
বাটপার,4,1,0.00266844563042028,0.0007633587786259542,-0.0019050868517943259
চাঁন্দা,4,1,0.00266844563042028,0.0007633587786259542,-0.0019050868517943259
এত,3,0,0.0020013342228152103,0.0,-0.0020013342228152103
দরকার,3,0,0.0020013342228152103,0.0,-0.0020013342228152103
নষ্ট,3,0,0.0020013342228152103,0.0,-0.0020013342228152103
খাবার,3,0,0.0020013342228152103,0.0,-0.0020013342228152103
খাইছে,3,0,0.0020013342228152103,0.0,-0.0020013342228152103
মুফতি,3,0,0.0020013342228152103,0.0,-0.0020013342228152103
যা,3,0,0.0020013342228152103,0.0,-0.0020013342228152103
ঢাকা,3,0,0.0020013342228152103,0.0,-0.0020013342228152103
আসলেই,3,0,0.0020013342228152103,0.0,-0.0020013342228152103
গাজা,3,0,0.0020013342228152103,0.0,-0.0020013342228152103
চোর,3,0,0.0020013342228152103,0.0,-0.0020013342228152103
ওরে,3,0,0.0020013342228152103,0.0,-0.0020013342228152103
আসল,3,0,0.0020013342228152103,0.0,-0.0020013342228152103
দিবো,3,0,0.0020013342228152103,0.0,-0.0020013342228152103
যথেষ্ট,3,0,0.0020013342228152103,0.0,-0.0020013342228152103
সেন্ট্রাল,3,0,0.0020013342228152103,0.0,-0.0020013342228152103
তারিখ,3,0,0.0020013342228152103,0.0,-0.0020013342228152103
বুঝা,3,0,0.0020013342228152103,0.0,-0.0020013342228152103
মানুষ,6,2,0.004002668445630421,0.0015267175572519084,-0.0024759508883785124
জনগণ,6,2,0.004002668445630421,0.0015267175572519084,-0.0024759508883785124
যাবে,6,2,0.004002668445630421,0.0015267175572519084,-0.0024759508883785124
কার্ড,5,1,0.00333555703802535,0.0007633587786259542,-0.002572198259399396
হাদী,5,1,0.00333555703802535,0.0007633587786259542,-0.002572198259399396
দেওয়া,4,0,0.00266844563042028,0.0,-0.00266844563042028
সাহেব,4,0,0.00266844563042028,0.0,-0.00266844563042028
জামাত,4,0,0.00266844563042028,0.0,-0.00266844563042028
কনফার্ম,4,0,0.00266844563042028,0.0,-0.00266844563042028
আপনারা,4,0,0.00266844563042028,0.0,-0.00266844563042028
শান্তি,4,0,0.00266844563042028,0.0,-0.00266844563042028
নির্বাচনের,4,0,0.00266844563042028,0.0,-0.00266844563042028
মেন্টাল,4,0,0.00266844563042028,0.0,-0.00266844563042028
নেতারা,4,0,0.00266844563042028,0.0,-0.00266844563042028
ভোটের,4,0,0.00266844563042028,0.0,-0.00266844563042028
পাগল,4,0,0.00266844563042028,0.0,-0.00266844563042028
টিকেট,4,0,0.00266844563042028,0.0,-0.00266844563042028
নেতা,7,2,0.004669779853235491,0.0015267175572519084,-0.0031430622959835825
মির্জা,6,1,0.004002668445630421,0.0007633587786259542,-0.0032393096670044665
দেশ,6,1,0.004002668445630421,0.0007633587786259542,-0.0032393096670044665
খাম্বার,5,0,0.00333555703802535,0.0,-0.00333555703802535
চান্দাবাজ,5,0,0.00333555703802535,0.0,-0.00333555703802535
আওয়ামী,5,0,0.00333555703802535,0.0,-0.00333555703802535
জান্নাত,6,0,0.004002668445630421,0.0,-0.004002668445630421
আওয়ামী,6,0,0.004002668445630421,0.0,-0.004002668445630421
দিলে,6,0,0.004002668445630421,0.0,-0.004002668445630421
শীষে,6,0,0.004002668445630421,0.0,-0.004002668445630421
মনে,12,5,0.008005336891260841,0.003816793893129771,-0.004188542998131071
নাই,10,3,0.0066711140760507,0.0022900763358778627,-0.004381037740172837
বিক্রি,7,0,0.004669779853235491,0.0,-0.004669779853235491
লীগ,7,0,0.004669779853235491,0.0,-0.004669779853235491
টিকিট,9,0,0.00600400266844563,0.0,-0.00600400266844563
তারেক,20,9,0.0133422281521014,0.006870229007633588,-0.006471999144467813
চান্দা,11,1,0.00733822548365577,0.0007633587786259542,-0.006574866705029816
জান্নাতের,11,0,0.00733822548365577,0.0,-0.00733822548365577
ভোট,18,6,0.01200800533689126,0.004580152671755725,-0.007427852665135535
খাম্বা,18,5,0.01200800533689126,0.003816793893129771,-0.00819121144376149
ধানের,13,0,0.00867244829886591,0.0,-0.00867244829886591
আব্বাস,16,0,0.01067378252168112,0.0,-0.01067378252168112
