period,location_a,location_b,co_mentions
after_election,Chattogram,Dhaka,102
after_election,Dhaka,Gazipur,97
after_election,Barishal,Dhaka,88
after_election,Dhaka,Rangpur,64
after_election,Chattogram,Noakhali,53
after_election,Dhaka,Khulna,52
after_election,Dhaka,Mymensingh,51
after_election,Barishal,Bhola,41
after_election,Dhaka,Pabna,38
after_election,Jessore,Khulna,38
after_election,Cumilla,Dhaka,35
after_election,Chandpur,Chattogram,33
after_election,Dhaka,Kishoreganj,32
after_election,Dhaka,Sylhet,31
after_election,Chattogram,Lakshmipur,30
after_election,Dhaka,Faridpur,30
after_election,Dhaka,Narsingdi,30
after_election,Dhaka,Tangail,29
after_election,Dhaka,Munshiganj,26
after_election,Brahmanbaria,Chattogram,25
after_election,Chandpur,Dhaka,24
after_election,Dhaka,Jamalpur,24
after_election,Dhaka,Rajshahi,23
after_election,Brahmanbaria,Dhaka,20
after_election,Dhaka,Kushtia,20
after_election,Bhola,Dhaka,19
after_election,Dhaka,Madaripur,18
after_election,Khulna,Satkhira,18
after_election,Chattogram,Cumilla,17
after_election,Dhaka,Sirajganj,17
after_election,Bogura,Dhaka,15
after_election,Mymensingh,Sherpur,15
after_election,Dhaka,Narayanganj,14
after_election,Dhaka,Noakhali,14
after_election,Dhaka,Lakshmipur,13
after_election,Chattogram,Cox's Bazar,12
after_election,Cox's Bazar,Dhaka,12
after_election,Dhaka,Manikganj,12
after_election,Khulna,Kushtia,12
after_election,Bagerhat,Khulna,11
after_election,Bagerhat,Dhaka,10
after_election,Barishal,Chattogram,10
after_election,Dhaka,Feni,10
after_election,Dhaka,Gopalganj,10
after_election,Khulna,Magura,10
after_election,Dhaka,Dinajpur,9
after_election,Dhaka,Jessore,9
after_election,Habiganj,Sylhet,9
after_election,Chattogram,Sylhet,8
after_election,Dhaka,Naogaon,8
after_election,Dhaka,Netrokona,8
after_election,Dhaka,Rajbari,8
after_election,Dhaka,ময়মনসিংহ,8
after_election,Sunamganj,Sylhet,8
after_election,Bogura,বগুড়া,7
after_election,Dhaka,Kurigram,7
after_election,Dhaka,Patuakhali,7
after_election,Dhaka,Shariatpur,7
after_election,Dhaka,কিশোরগঞ্জ,7
after_election,Dhaka,নরসিংদী,7
after_election,Kishoreganj,কিশোরগঞ্জ,7
after_election,Barguna,Dhaka,6
after_election,Chattogram,Gazipur,6
after_election,Dhaka,Nilphamari,6
after_election,Dhaka,Panchagarh,6
after_election,Dhaka,Sherpur,6
after_election,Dhaka,পাবনা,6
after_election,Gazipur,Rangpur,6
after_election,Nilphamari,Rangpur,6
after_election,Noakhali,নোয়াখালী,6
after_election,Pabna,Rajshahi,6
after_election,Barishal,ভোলা,5
after_election,Chattogram,Feni,5
after_election,Chattogram,Rajshahi,5
after_election,Chattogram,নোয়াখালী,5
after_election,Dhaka,Narail,5
after_election,Dhaka,ফরিদপুর,5
after_election,Jashore,Khulna,5
after_election,Kurigram,Rangpur,5
after_election,Mymensingh,ময়মনসিংহ,5
after_election,Naogaon,Rajshahi,5
after_election,Sylhet,মৌলভীবাজার,5
after_election,Sylhet,সুনামগঞ্জ,5
after_election,Bandarban,Chattogram,4
after_election,Barguna,Barishal,4
after_election,Barishal,Gazipur,4
after_election,Barishal,Patuakhali,4
after_election,Bhola,ভোলা,4
after_election,Bogura,Rajshahi,4
after_election,Chattogram,Khulna,4
after_election,Chattogram,Narayanganj,4
after_election,Chattogram,Patuakhali,4
after_election,Chattogram,Rangamati,4
after_election,Chattogram,চাঁদপুর,4
after_election,Chattogram,ব্রাহ্মণবাড়িয়া,4
after_election,Dhaka,Gaibandha,4
after_election,Dhaka,Jashore,4
after_election,Dhaka,Lalmonirhat,4
after_election,Dhaka,Magura,4
after_election,Dhaka,Sunamganj,4
after_election,Dhaka,বগুড়া,4
after_election,Dinajpur,Rangpur,4
after_election,Gaibandha,Rangpur,4
after_election,Gazipur,Mymensingh,4
after_election,Lalmonirhat,Rangpur,4
after_election,Moulvibazar,Sylhet,4
after_election,Natore,Rajshahi,4
after_election,Rangpur,নীলফামারী,4
after_election,Bagerhat,Chattogram,3
after_election,Barishal,Cumilla,3
after_election,Barishal,Narayanganj,3
after_election,Bogura,Rangpur,3
after_election,Chattogram,Pirojpur,3
after_election,Chattogram,Rangpur,3
after_election,Cox's Bazar,Rajshahi,3
after_election,Cumilla,Narayanganj,3
after_election,Dhaka,Habiganj,3
after_election,Dhaka,Joypurhat,3
after_election,Dhaka,Meherpur,3
after_election,Dhaka,Natore,3
after_election,Dhaka,Pirojpur,3
after_election,Dhaka,Thakurgaon,3
after_election,Dhaka,কুড়িগ্রাম,3
after_election,Dhaka,কুষ্টিয়া,3
after_election,Dhaka,গোপালগঞ্জ,3
after_election,Dhaka,চাঁদপুর,3
after_election,Dhaka,ঝিনাইদহ,3
after_election,Dhaka,নীলফামারী,3
after_election,Dhaka,সুনামগঞ্জ,3
after_election,Dinajpur,দিনাজপুর,3
after_election,Faridpur,ফরিদপুর,3
after_election,Gazipur,Khulna,3
after_election,Gazipur,Pabna,3
after_election,Naogaon,নওগাঁ,3
after_election,Narsingdi,নরসিংদী,3
after_election,Pabna,পাবনা,3
after_election,Bagerhat,Gazipur,2
after_election,Barguna,বরগুনা,2
after_election,Barishal,Gopalganj,2
after_election,Barishal,Khulna,2
after_election,Barishal,Pirojpur,2
after_election,Barishal,Rangpur,2
after_election,Barishal,বরগুনা,2
after_election,Bhola,Chattogram,2
after_election,Bogura,Sherpur,2
after_election,Brahmanbaria,Narayanganj,2
after_election,Brahmanbaria,ব্রাহ্মণবাড়িয়া,2
after_election,Chapainawabganj,চাঁপাইনবাবগঞ্জ,2
after_election,Chattogram,Jessore,2
after_election,Chattogram,Mymensingh,2
after_election,Chuadanga,Dhaka,2
after_election,Cox's Bazar,Rangpur,2
after_election,Cumilla,Feni,2
after_election,Cumilla,Gazipur,2
after_election,Cumilla,Sylhet,2
after_election,Dhaka,Satkhira,2
after_election,Dhaka,জয়পুরহাট,2
after_election,Dhaka,জামালপুর,2
after_election,Dhaka,ঠাকুরগাঁও,2
after_election,Dhaka,নওগাঁ,2
after_election,Dhaka,নাটোর,2
after_election,Dhaka,পিরোজপুর,2
after_election,Dhaka,বান্দরবান,2
after_election,Dhaka,ব্রাহ্মণবাড়িয়া,2
after_election,Dhaka,ভোলা,2
after_election,Dhaka,মানিকগঞ্জ,2
after_election,Dhaka,রাজবাড়ী,2
after_election,Dhaka,শরীয়তপুর,2
after_election,Faridpur,Gazipur,2
after_election,Gazipur,Madaripur,2
after_election,Gazipur,Sirajganj,2
after_election,Gazipur,Sylhet,2
after_election,Gazipur,Tangail,2
after_election,Gazipur,দিনাজপুর,2
after_election,Jamalpur,Mymensingh,2
after_election,Jessore,Magura,2
after_election,Jessore,যশোর,2
after_election,Joypurhat,Rajshahi,2
after_election,Khulna,Rajshahi,2
after_election,Khulna,যশোর,2
after_election,Kurigram,Panchagarh,2
after_election,Kushtia,কুষ্টিয়া,2
after_election,Lakshmipur,Noakhali,2
after_election,Moulvibazar,মৌলভীবাজার,2
after_election,Mymensingh,Narayanganj,2
after_election,Nilphamari,নীলফামারী,2
after_election,Rajshahi,নওগাঁ,2
after_election,Rajshahi,নরসিংদী,2
after_election,Rangpur,Sylhet,2
after_election,Rangpur,Thakurgaon,2
after_election,Rangpur,বগুড়া,2
after_election,Sunamganj,সুনামগঞ্জ,2
after_election,Sylhet,নরসিংদী,2
after_election,বগুড়া,ময়মনসিংহ,2
after_election,Bagerhat,গোপালগঞ্জ,1
after_election,Bagerhat,পিরোজপুর,1
after_election,Bandarban,Barishal,1
after_election,Bandarban,Cox's Bazar,1
after_election,Bandarban,Dhaka,1
after_election,Barguna,Khulna,1
after_election,Barguna,Patuakhali,1
after_election,Barishal,Chandpur,1
after_election,Barishal,Chapainawabganj,1
after_election,Barishal,Jamalpur,1
after_election,Barishal,Jessore,1
after_election,Barishal,Madaripur,1
after_election,Barishal,Narsingdi,1
after_election,Barishal,Rajshahi,1
after_election,Barishal,Sylhet,1
after_election,Barishal,কুষ্টিয়া,1
after_election,Barishal,চাঁপাইনবাবগঞ্জ,1
after_election,Barishal,ঝালকাঠি,1
after_election,Barishal,নরসিংদী,1
after_election,Barishal,ব্রাহ্মণবাড়িয়া,1
after_election,Bhola,Cox's Bazar,1
after_election,Bhola,Gazipur,1
after_election,Bogura,Dinajpur,1
after_election,Bogura,Kushtia,1
after_election,Bogura,Natore,1
after_election,Bogura,Sirajganj,1
after_election,Bogura,Sylhet,1
after_election,Bogura,দিনাজপুর,1
after_election,Bogura,নাটোর,1
after_election,Bogura,ভোলা,1
after_election,Brahmanbaria,Chandpur,1
after_election,Brahmanbaria,Lakshmipur,1
after_election,Brahmanbaria,Narsingdi,1
after_election,Chandpur,Naogaon,1
after_election,Chandpur,Narayanganj,1
after_election,Chandpur,Shariatpur,1
after_election,Chandpur,চাঁদপুর,1
after_election,Chandpur,ব্রাহ্মণবাড়িয়া,1
after_election,Chapainawabganj,Rajshahi,1
after_election,Chapainawabganj,Sylhet,1
after_election,Chattogram,Gopalganj,1
after_election,Chattogram,Kishoreganj,1
after_election,Chattogram,Manikganj,1
after_election,Chattogram,Munshiganj,1
after_election,Chattogram,Narsingdi,1
after_election,Chattogram,Natore,1
after_election,Chattogram,Satkhira,1
after_election,Chattogram,Sirajganj,1
after_election,Chattogram,জামালপুর,1
after_election,Chattogram,নাটোর,1
after_election,Chattogram,পাবনা,1
after_election,Chattogram,বান্দরবান,1
after_election,Chattogram,ভোলা,1
after_election,Chattogram,রাঙ্গামাটি,1
after_election,Chattogram,লক্ষ্মীপুর,1
after_election,Chattogram,হবিগঞ্জ,1
after_election,Chuadanga,Khulna,1
after_election,Chuadanga,Kushtia,1
after_election,Chuadanga,Thakurgaon,1
after_election,Cox's Bazar,Cumilla,1
after_election,Cox's Bazar,Gazipur,1
after_election,Cox's Bazar,Moulvibazar,1
after_election,Cox's Bazar,Sirajganj,1
after_election,Cox's Bazar,নারায়ণগঞ্জ,1
after_election,Cox's Bazar,নীলফামারী,1
after_election,Cumilla,Dinajpur,1
after_election,Cumilla,Khulna,1
after_election,Cumilla,Kishoreganj,1
after_election,Cumilla,Kushtia,1
after_election,Cumilla,Lakshmipur,1
after_election,Cumilla,Noakhali,1
after_election,Cumilla,Rangamati,1
after_election,Cumilla,কুষ্টিয়া,1
after_election,Cumilla,চাঁদপুর,1
after_election,Dhaka,Jhenaidah,1
after_election,Dhaka,MunশIganj,1
after_election,Dhaka,Rangamati,1
after_election,Dhaka,খাও হালুয়া,1
after_election,Dhaka,গাইবান্ধা,1
after_election,Dhaka,টাঙ্গাইল,1
after_election,Dhaka,নারায়ণগঞ্জ,1
after_election,Dhaka,নেত্রকোনা,1
after_election,Dhaka,পঞ্চগড়,1
after_election,Dhaka,পটুয়াখালী,1
after_election,Dhaka,বরগুনা,1
after_election,Dhaka,বাগেরহাট,1
after_election,Dhaka,মুন্সিগঞ্জ,1
after_election,Dhaka,মেহেরপুর,1
after_election,Dhaka,মৌলভীবাজার,1
after_election,Dhaka,লক্ষ্মীপুর,1
after_election,Dhaka,শেরপুর,1
after_election,Dhaka,সাতক্ষীরা,1
after_election,Dhaka,হবিগঞ্জ,1
after_election,Dinajpur,Mymensingh,1
after_election,Dinajpur,Rajshahi,1
after_election,Faridpur,Rajbari,1
after_election,Faridpur,Rajshahi,1
after_election,Feni,Rangamati,1
after_election,Feni,Sylhet,1
after_election,Feni,কুড়িগ্রাম,1
after_election,Feni,চাঁদপুর,1
after_election,Gaibandha,Mymensingh,1
after_election,Gaibandha,Sylhet,1
after_election,Gazipur,Jamalpur,1
after_election,Gazipur,Jessore,1
after_election,Gazipur,Kishoreganj,1
after_election,Gazipur,Manikganj,1
after_election,Gazipur,Munshiganj,1
after_election,Gazipur,Naogaon,1
after_election,Gazipur,Narayanganj,1
after_election,Gazipur,Netrokona,1
after_election,Gazipur,Patuakhali,1
after_election,Gazipur,Rajshahi,1
after_election,Gazipur,পটুয়াখালী,1
after_election,Gazipur,বাগেরহাট,1
after_election,Gazipur,বান্দরবান,1
after_election,Gopalganj,Rangpur,1
after_election,Gopalganj,Sylhet,1
after_election,Gopalganj,গোপালগঞ্জ,1
after_election,Jamalpur,Pabna,1
after_election,Jamalpur,Panchagarh,1
after_election,Jamalpur,Rangpur,1
after_election,Jamalpur,Tangail,1
after_election,Jamalpur,জামালপুর,1
after_election,Jamalpur,নরসিংদী,1
after_election,Jashore,Jessore,1
after_election,Jashore,Satkhira,1
after_election,Jashore,যশোর,1
after_election,Jessore,Meherpur,1
after_election,Jessore,Satkhira,1
after_election,Jessore,বাগেরহাট,1
after_election,Jessore,মাগুরা,1
after_election,Khulna,Madaripur,1
after_election,Khulna,Mymensingh,1
after_election,Khulna,Pabna,1
after_election,Khulna,Rangpur,1
after_election,Khulna,Sylhet,1
after_election,Khulna,কুষ্টিয়া,1
after_election,Khulna,গোপালগঞ্জ,1
after_election,Khulna,পিরোজপুর,1
after_election,Khulna,বাগেরহাট,1
after_election,Khulna,মাগুরা,1
after_election,Khulna,সাতক্ষীরা,1
after_election,Khulna,সুনামগঞ্জ,1
after_election,Kishoreganj,Mymensingh,1
after_election,Kishoreganj,Narayanganj,1
after_election,Kishoreganj,জামালপুর,1
after_election,Kurigram,Thakurgaon,1
after_election,Kushtia,Rajshahi,1
after_election,Kushtia,Rangpur,1
after_election,Kushtia,Tangail,1
after_election,Kushtia,ঝিনাইদহ,1
after_election,Kushtia,সাতক্ষীরা,1
after_election,Lakshmipur,Sylhet,1
after_election,Lakshmipur,নোয়াখালী,1
after_election,Lakshmipur,হবিগঞ্জ,1
after_election,Lalmonirhat,লালমনিরহাট,1
after_election,Magura,Pirojpur,1
after_election,Manikganj,Narayanganj,1
after_election,Manikganj,বান্দরবান,1
after_election,Manikganj,মানিকগঞ্জ,1
after_election,Meherpur,মেহেরপুর,1
after_election,Munshiganj,Rajshahi,1
after_election,Munshiganj,মুন্সিগঞ্জ,1
after_election,Mymensingh,Pabna,1
after_election,Mymensingh,Sirajganj,1
after_election,Mymensingh,Tangail,1
after_election,Mymensingh,জামালপুর,1
after_election,Mymensingh,শেরপুর,1
after_election,Naogaon,Rajbari,1
after_election,Narayanganj,Pirojpur,1
after_election,Narayanganj,Sherpur,1
after_election,Narayanganj,চাঁদপুর,1
after_election,Narsingdi,Tangail,1
after_election,Narsingdi,কিশোরগঞ্জ,1
after_election,Natore,নাটোর,1
after_election,Netrokona,নেত্রকোনা,1
after_election,Nilphamari,কিশোরগঞ্জ,1
after_election,Pabna,Rajbari,1
after_election,Pabna,Rangpur,1
after_election,Panchagarh,Thakurgaon,1
after_election,Panchagarh,পঞ্চগড়,1
after_election,Patuakhali,Rajshahi,1
after_election,Rajbari,রাজবাড়ী,1
after_election,Rajshahi,Sirajganj,1
after_election,Rajshahi,গাইবান্ধা,1
after_election,Rajshahi,জামালপুর,1
after_election,Rajshahi,রাজবাড়ী,1
after_election,Rangamati,রাঙ্গামাটি,1
after_election,Rangpur,কিশোরগঞ্জ,1
after_election,Rangpur,কুড়িগ্রাম,1
after_election,Rangpur,খাও হালুয়া,1
after_election,Rangpur,গাইবান্ধা,1
after_election,Rangpur,জয়পুরহাট,1
after_election,Rangpur,ঠাকুরগাঁও,1
after_election,Rangpur,পাবনা,1
after_election,Satkhira,সুনামগঞ্জ,1
after_election,Shariatpur,শরীয়তপুর,1
after_election,Sherpur,Tangail,1
after_election,Sherpur,শেরপুর,1
after_election,Sunamganj,Tangail,1
after_election,Sylhet,চাঁপাইনবাবগঞ্জ,1
after_election,Sylhet,দিনাজপুর,1
after_election,Sylhet,নওগাঁ,1
after_election,Sylhet,ভোলা,1
after_election,Sylhet,শেরপুর,1
after_election,Sylhet,সাতক্ষীরা,1
after_election,Sylhet,হবিগঞ্জ,1
after_election,Tangail,নরসিংদী,1
after_election,গাইবান্ধা,জামালপুর,1
after_election,গোপালগঞ্জ,পিরোজপুর,1
after_election,গোপালগঞ্জ,হবিগঞ্জ,1
after_election,চাঁদপুর,ঝিনাইদহ,1
after_election,পাবনা,ফরিদপুর,1
after_election,সাতক্ষীরা,সুনামগঞ্জ,1
after_forming_government,Chattogram,Dhaka,62
after_forming_government,Dhaka,Gazipur,62
after_forming_government,Chattogram,Noakhali,44
after_forming_government,Barishal,Dhaka,42
after_forming_government,Dhaka,Khulna,41
after_forming_government,Dhaka,Mymensingh,37
after_forming_government,Dhaka,Rangpur,30
after_forming_government,Dhaka,Pabna,27
after_forming_government,Dhaka,Kishoreganj,25
after_forming_government,Cumilla,Dhaka,21
after_forming_government,Jessore,Khulna,21
after_forming_government,Barishal,Bhola,20
after_forming_government,Dhaka,Faridpur,18
after_forming_government,Dhaka,Jamalpur,16
after_forming_government,Dhaka,Narayanganj,16
after_forming_government,Dhaka,Narsingdi,16
after_forming_government,Chattogram,Lakshmipur,15
after_forming_government,Khulna,Satkhira,15
after_forming_government,Dhaka,Noakhali,14
after_forming_government,Dhaka,Tangail,14
after_forming_government,Chattogram,Cumilla,13
after_forming_government,Dhaka,Kushtia,13
after_forming_government,Dhaka,Lakshmipur,12
after_forming_government,Dhaka,Munshiganj,12
after_forming_government,Dhaka,Rajshahi,12
after_forming_government,Dhaka,Sirajganj,12
after_forming_government,Dhaka,Feni,11
after_forming_government,Khulna,Kushtia,11
after_forming_government,Bogura,Dhaka,10
after_forming_government,Chandpur,Chattogram,10
after_forming_government,Chandpur,Dhaka,10
after_forming_government,Chattogram,Cox's Bazar,10
after_forming_government,Dhaka,Manikganj,10
after_forming_government,Dhaka,কিশোরগঞ্জ,10
after_forming_government,Kishoreganj,কিশোরগঞ্জ,10
after_forming_government,Brahmanbaria,Chattogram,9
after_forming_government,Dhaka,Jessore,9
after_forming_government,Dhaka,Natore,9
after_forming_government,Dhaka,Satkhira,9
after_forming_government,Dhaka,নরসিংদী,9
after_forming_government,Mymensingh,Sherpur,9
after_forming_government,Bhola,Dhaka,8
after_forming_government,Brahmanbaria,Dhaka,8
after_forming_government,Cox's Bazar,Dhaka,8
after_forming_government,Dhaka,Sylhet,8
after_forming_government,Khulna,Magura,8
after_forming_government,Gazipur,Mymensingh,7
after_forming_government,Barishal,Gazipur,6
after_forming_government,Bogura,বগুড়া,6
after_forming_government,Chattogram,Khulna,6
after_forming_government,Dhaka,Dinajpur,6
after_forming_government,Dhaka,Gopalganj,6
after_forming_government,Dhaka,Narail,6
after_forming_government,Dhaka,Sherpur,6
after_forming_government,Chattogram,Patuakhali,5
after_forming_government,Dhaka,Naogaon,5
after_forming_government,Dhaka,পাবনা,5
after_forming_government,Dhaka,ফরিদপুর,5
after_forming_government,Bagerhat,Dhaka,4
after_forming_government,Barishal,Patuakhali,4
after_forming_government,Chattogram,Mymensingh,4
after_forming_government,Dhaka,Jhenaidah,4
after_forming_government,Dhaka,Madaripur,4
after_forming_government,Dhaka,Magura,4
after_forming_government,Dhaka,Shariatpur,4
after_forming_government,Khulna,যশোর,4
after_forming_government,Nilphamari,Rangpur,4
after_forming_government,Noakhali,নোয়াখালী,4
after_forming_government,Pabna,Rajshahi,4
after_forming_government,Barguna,Dhaka,3
after_forming_government,Barishal,Chattogram,3
after_forming_government,Bogura,Khulna,3
after_forming_government,Bogura,Rajshahi,3
after_forming_government,Bogura,Rangpur,3
after_forming_government,Chandpur,চাঁদপুর,3
after_forming_government,Chattogram,Feni,3
after_forming_government,Chattogram,Gazipur,3
after_forming_government,Chattogram,Pirojpur,3
after_forming_government,Dhaka,Nilphamari,3
after_forming_government,Dhaka,Patuakhali,3
after_forming_government,Dhaka,Sunamganj,3
after_forming_government,Dhaka,Thakurgaon,3
after_forming_government,Dhaka,চাঁদপুর,3
after_forming_government,Dhaka,জামালপুর,3
after_forming_government,Dhaka,ঝিনাইদহ,3
after_forming_government,Dhaka,নাটোর,3
after_forming_government,Dhaka,নোয়াখালী,3
after_forming_government,Dhaka,বগুড়া,3
after_forming_government,Dhaka,ময়মনসিংহ,3
after_forming_government,Dinajpur,দিনাজপুর,3
after_forming_government,Gazipur,Pabna,3
after_forming_government,Gazipur,Sirajganj,3
after_forming_government,Jashore,Khulna,3
after_forming_government,Khulna,সাতক্ষীরা,3
after_forming_government,Kushtia,কুষ্টিয়া,3
after_forming_government,Lakshmipur,Noakhali,3
after_forming_government,Pabna,পাবনা,3
after_forming_government,Rajshahi,Sirajganj,3
after_forming_government,Sunamganj,Sylhet,3
after_forming_government,Bagerhat,Khulna,2
after_forming_government,Bandarban,Chattogram,2
after_forming_government,Barishal,Bogura,2
after_forming_government,Barishal,Khulna,2
after_forming_government,Barishal,Rangpur,2
after_forming_government,Barishal,নরসিংদী,2
after_forming_government,Bhola,ভোলা,2
after_forming_government,Bogura,Sylhet,2
after_forming_government,Chattogram,Kushtia,2
after_forming_government,Chattogram,Rangamati,2
after_forming_government,Chattogram,Rangpur,2
after_forming_government,Chattogram,Sylhet,2
after_forming_government,Chattogram,কুষ্টিয়া,2
after_forming_government,Chattogram,চাঁদপুর,2
after_forming_government,Chattogram,নরসিংদী,2
after_forming_government,Chuadanga,Dhaka,2
after_forming_government,Cumilla,Lakshmipur,2
after_forming_government,Dhaka,Gaibandha,2
after_forming_government,Dhaka,Joypurhat,2
after_forming_government,Dhaka,Lalmonirhat,2
after_forming_government,Dhaka,Pirojpur,2
after_forming_government,Dhaka,কুষ্টিয়া,2
after_forming_government,Dhaka,গাইবান্ধা,2
after_forming_government,Dhaka,ঠাকুরগাঁও,2
after_forming_government,Dhaka,নওগাঁ,2
after_forming_government,Dhaka,বান্দরবান,2
after_forming_government,Dhaka,যশোর,2
after_forming_government,Dinajpur,Rangpur,2
after_forming_government,Gaibandha,Rangpur,2
after_forming_government,Gazipur,Khulna,2
after_forming_government,Gazipur,Kishoreganj,2
after_forming_government,Gazipur,Naogaon,2
after_forming_government,Gazipur,Rajshahi,2
after_forming_government,Gazipur,Rangpur,2
after_forming_government,Gazipur,Sylhet,2
after_forming_government,Habiganj,Sylhet,2
after_forming_government,Jamalpur,Tangail,2
after_forming_government,Jamalpur,জামালপুর,2
after_forming_government,Jhenaidah,Khulna,2
after_forming_government,Lalmonirhat,Rangpur,2
after_forming_government,Mymensingh,কিশোরগঞ্জ,2
after_forming_government,Natore,Rajshahi,2
after_forming_government,Rajshahi,নাটোর,2
after_forming_government,Satkhira,সাতক্ষীরা,2
after_forming_government,Sherpur,শেরপুর,2
after_forming_government,Sirajganj,সিরাজগঞ্জ,2
after_forming_government,Sylhet,নরসিংদী,2
after_forming_government,Bagerhat,Barishal,1
after_forming_government,Bagerhat,Bogura,1
after_forming_government,Bagerhat,Gazipur,1
after_forming_government,Bagerhat,Jhenaidah,1
after_forming_government,Bagerhat,Rajshahi,1
after_forming_government,Bandarban,Dhaka,1
after_forming_government,Bandarban,বান্দরবান,1
after_forming_government,Barguna,Barishal,1
after_forming_government,Barguna,বরগুনা,1
after_forming_government,Barishal,Brahmanbaria,1
after_forming_government,Barishal,Cox's Bazar,1
after_forming_government,Barishal,Cumilla,1
after_forming_government,Barishal,Pirojpur,1
after_forming_government,Barishal,Rajshahi,1
after_forming_government,Barishal,নাটোর,1
after_forming_government,Barishal,পিরোজপুর,1
after_forming_government,Barishal,ফরিদপুর,1
after_forming_government,Barishal,বরগুনা,1
after_forming_government,Barishal,ব্রাহ্মণবাড়িয়া,1
after_forming_government,Barishal,ভোলা,1
after_forming_government,Bogura,Dinajpur,1
after_forming_government,Bogura,Pabna,1
after_forming_government,Bogura,Panchagarh,1
after_forming_government,Bogura,Patuakhali,1
after_forming_government,Bogura,ঝিনাইদহ,1
after_forming_government,Bogura,ভোলা,1
after_forming_government,Brahmanbaria,Khulna,1
after_forming_government,Brahmanbaria,Satkhira,1
after_forming_government,Brahmanbaria,ব্রাহ্মণবাড়িয়া,1
after_forming_government,Chandpur,Cumilla,1
after_forming_government,Chandpur,Rajshahi,1
after_forming_government,Chandpur,Shariatpur,1
after_forming_government,Chandpur,Sylhet,1
after_forming_government,Chapainawabganj,Dhaka,1
after_forming_government,Chapainawabganj,Gazipur,1
after_forming_government,Chapainawabganj,চাঁপাইনবাবগঞ্জ,1
after_forming_government,Chattogram,Habiganj,1
after_forming_government,Chattogram,Jhenaidah,1
after_forming_government,Chattogram,Madaripur,1
after_forming_government,Chattogram,Narail,1
after_forming_government,Chattogram,Rajshahi,1
after_forming_government,Chattogram,ঠাকুরগাঁও,1
after_forming_government,Chattogram,নোয়াখালী,1
after_forming_government,Chattogram,পাবনা,1
after_forming_government,Cox's Bazar,Dinajpur,1
after_forming_government,Cox's Bazar,Gazipur,1
after_forming_government,Cox's Bazar,Gopalganj,1
after_forming_government,Cox's Bazar,Khulna,1
after_forming_government,Cox's Bazar,Mymensingh,1
after_forming_government,Cox's Bazar,Natore,1
after_forming_government,Cox's Bazar,Pabna,1
after_forming_government,Cox's Bazar,দিনাজপুর,1
after_forming_government,Cumilla,Khulna,1
after_forming_government,Cumilla,Kushtia,1
after_forming_government,Cumilla,Narayanganj,1
after_forming_government,Cumilla,Noakhali,1
after_forming_government,Cumilla,কুষ্টিয়া,1
after_forming_government,Cumilla,ঠাকুরগাঁও,1
after_forming_government,Cumilla,নোয়াখালী,1
after_forming_government,Cumilla,পঞ্চগড়,1
after_forming_government,Cumilla,ময়মনসিংহ,1
after_forming_government,Dhaka,Habiganj,1
after_forming_government,Dhaka,Kurigram,1
after_forming_government,Dhaka,Rajbari,1
after_forming_government,Dhaka,Rangamati,1
after_forming_government,Dhaka,কুড়িগ্রাম,1
after_forming_government,Dhaka,গোপালগঞ্জ,1
after_forming_government,Dhaka,চাঁপাইনবাবগঞ্জ,1
after_forming_government,Dhaka,চুয়াডাঙ্গা,1
after_forming_government,Dhaka,নারায়ণগঞ্জ,1
after_forming_government,Dhaka,পঞ্চগড়,1
after_forming_government,Dhaka,পটুয়াখালী,1
after_forming_government,Dhaka,পিরোজপুর,1
after_forming_government,Dhaka,বরগুনা,1
after_forming_government,Dhaka,বাগেরহাট,1
after_forming_government,Dhaka,মানিকগঞ্জ,1
after_forming_government,Dhaka,মৌলভীবাজার,1
after_forming_government,Dhaka,রাজবাড়ী,1
after_forming_government,Dhaka,শরীয়তপুর,1
after_forming_government,Dhaka,সিরাজগঞ্জ,1
after_forming_government,Dhaka,সুনামগঞ্জ,1
after_forming_government,Dinajpur,Gazipur,1
after_forming_government,Dinajpur,Joypurhat,1
after_forming_government,Dinajpur,Rajshahi,1
after_forming_government,Dinajpur,Sylhet,1
after_forming_government,Dinajpur,Thakurgaon,1
after_forming_government,Dinajpur,যশোর,1
after_forming_government,Faridpur,Gazipur,1
after_forming_government,Faridpur,Khulna,1
after_forming_government,Faridpur,Magura,1
after_forming_government,Faridpur,Naogaon,1
after_forming_government,Faridpur,Rangpur,1
after_forming_government,Faridpur,নরসিংদী,1
after_forming_government,Faridpur,ফরিদপুর,1
after_forming_government,Feni,Rangamati,1
after_forming_government,Feni,Sylhet,1
after_forming_government,Gazipur,Jamalpur,1
after_forming_government,Gazipur,Narayanganj,1
after_forming_government,Gazipur,Tangail,1
after_forming_government,Gazipur,নওগাঁ,1
after_forming_government,Gazipur,নরসিংদী,1
after_forming_government,Gazipur,পিরোজপুর,1
after_forming_government,Habiganj,Noakhali,1
after_forming_government,Habiganj,হবিগঞ্জ,1
after_forming_government,Jamalpur,Mymensingh,1
after_forming_government,Jamalpur,Sherpur,1
after_forming_government,Jashore,Jessore,1
after_forming_government,Jashore,Satkhira,1
after_forming_government,Jashore,যশোর,1
after_forming_government,Jessore,Kushtia,1
after_forming_government,Jessore,Noakhali,1
after_forming_government,Jessore,Rangamati,1
after_forming_government,Jessore,যশোর,1
after_forming_government,Joypurhat,Naogaon,1
after_forming_government,Joypurhat,যশোর,1
after_forming_government,Khulna,Kishoreganj,1
after_forming_government,Khulna,Narail,1
after_forming_government,Khulna,Patuakhali,1
after_forming_government,Khulna,Rajshahi,1
after_forming_government,Khulna,Rangamati,1
after_forming_government,Khulna,Sylhet,1
after_forming_government,Khulna,গাইবান্ধা,1
after_forming_government,Khulna,চুয়াডাঙ্গা,1
after_forming_government,Khulna,ঝিনাইদহ,1
after_forming_government,Khulna,ভোলা,1
after_forming_government,Khulna,ময়মনসিংহ,1
after_forming_government,Kishoreganj,Mymensingh,1
after_forming_government,Kushtia,Pabna,1
after_forming_government,Kushtia,Rangpur,1
after_forming_government,Kushtia,Satkhira,1
after_forming_government,Kushtia,ঝিনাইদহ,1
after_forming_government,Lakshmipur,নোয়াখালী,1
after_forming_government,Lakshmipur,বাগেরহাট,1
after_forming_government,Lalmonirhat,Narsingdi,1
after_forming_government,Lalmonirhat,লালমনিরহাট,1
after_forming_government,Magura,Pirojpur,1
after_forming_government,Manikganj,Mymensingh,1
after_forming_government,Manikganj,Narayanganj,1
after_forming_government,Manikganj,বান্দরবান,1
after_forming_government,Manikganj,মানিকগঞ্জ,1
after_forming_government,Moulvibazar,Sylhet,1
after_forming_government,Mymensingh,Narayanganj,1
after_forming_government,Mymensingh,Natore,1
after_forming_government,Mymensingh,Pabna,1
after_forming_government,Mymensingh,Rangamati,1
after_forming_government,Mymensingh,ঝিনাইদহ,1
after_forming_government,Mymensingh,নরসিংদী,1
after_forming_government,Mymensingh,শেরপুর,1
after_forming_government,Naogaon,নওগাঁ,1
after_forming_government,Narayanganj,নারায়ণগঞ্জ,1
after_forming_government,Narsingdi,নরসিংদী,1
after_forming_government,Natore,Pabna,1
after_forming_government,Natore,নাটোর,1
after_forming_government,Netrokona,Sylhet,1
after_forming_government,Pabna,নরসিংদী,1
after_forming_government,Panchagarh,বগুড়া,1
after_forming_government,Patuakhali,ঝিনাইদহ,1
after_forming_government,Pirojpur,পিরোজপুর,1
after_forming_government,Rajshahi,Rangpur,1
after_forming_government,Rajshahi,কুষ্টিয়া,1
after_forming_government,Rajshahi,চাঁপাইনবাবগঞ্জ,1
after_forming_government,Rajshahi,ঠাকুরগাঁও,1
after_forming_government,Rajshahi,নওগাঁ,1
after_forming_government,Rajshahi,বগুড়া,1
after_forming_government,Rangamati,Rangpur,1
after_forming_government,Rangamati,নরসিংদী,1
after_forming_government,Rangamati,রাঙ্গামাটি,1
after_forming_government,Rangpur,Thakurgaon,1
after_forming_government,Rangpur,কুড়িগ্রাম,1
after_forming_government,Rangpur,গাইবান্ধা,1
after_forming_government,Rangpur,গোপালগঞ্জ,1
after_forming_government,Rangpur,ঠাকুরগাঁও,1
after_forming_government,Rangpur,দিনাজপুর,1
after_forming_government,Rangpur,নরসিংদী,1
after_forming_government,Rangpur,পাবনা,1
after_forming_government,Rangpur,বগুড়া,1
after_forming_government,Rangpur,রাঙ্গামাটি,1
after_forming_government,Rangpur,লালমনিরহাট,1
after_forming_government,Satkhira,শরীয়তপুর,1
after_forming_government,Sirajganj,Sylhet,1
after_forming_government,Sylhet,বগুড়া,1
after_forming_government,Sylhet,ভোলা,1
after_forming_government,Tangail,টাঙ্গাইল,1
after_forming_government,Tangail,নরসিংদী,1
after_forming_government,Thakurgaon,পঞ্চগড়,1
after_forming_government,কিশোরগঞ্জ,চাঁদপুর,1
post_june_2026,Chattogram,Dhaka,172
post_june_2026,Dhaka,Gazipur,129
post_june_2026,Barishal,Dhaka,104
post_june_2026,Dhaka,Mymensingh,88
post_june_2026,Dhaka,Rangpur,77
post_june_2026,Dhaka,Khulna,71
post_june_2026,Cumilla,Dhaka,67
post_june_2026,Dhaka,Sylhet,58
post_june_2026,Dhaka,Tangail,53
post_june_2026,Chattogram,Noakhali,51
post_june_2026,Dhaka,Kishoreganj,51
post_june_2026,Dhaka,Faridpur,50
post_june_2026,Dhaka,Narsingdi,50
post_june_2026,Jessore,Khulna,50
post_june_2026,Chandpur,Chattogram,45
post_june_2026,Dhaka,Pabna,45
post_june_2026,Barishal,Bhola,44
post_june_2026,Dhaka,Rajshahi,43
post_june_2026,Chattogram,Cumilla,38
post_june_2026,Chattogram,Lakshmipur,37
post_june_2026,Chandpur,Dhaka,36
post_june_2026,Dhaka,Munshiganj,33
post_june_2026,Bogura,Dhaka,29
post_june_2026,Dhaka,Madaripur,29
post_june_2026,Dhaka,Narayanganj,29
post_june_2026,Khulna,Satkhira,29
post_june_2026,Bhola,Dhaka,28
post_june_2026,Dhaka,Jamalpur,26
post_june_2026,Dhaka,Kushtia,22
post_june_2026,Dhaka,Noakhali,22
post_june_2026,Brahmanbaria,Chattogram,21
post_june_2026,Dhaka,Gopalganj,21
post_june_2026,Dhaka,Feni,20
post_june_2026,Habiganj,Sylhet,18
post_june_2026,Mymensingh,Sherpur,18
post_june_2026,Dhaka,Naogaon,17
post_june_2026,Dhaka,Sirajganj,17
post_june_2026,Brahmanbaria,Dhaka,16
post_june_2026,Dhaka,Dinajpur,15
post_june_2026,Dhaka,Jessore,15
post_june_2026,Dhaka,Narail,15
post_june_2026,Dhaka,Magura,14
post_june_2026,Bagerhat,Dhaka,13
post_june_2026,Chattogram,Feni,13
post_june_2026,Cox's Bazar,Dhaka,13
post_june_2026,Khulna,Magura,13
post_june_2026,Barishal,Chattogram,12
post_june_2026,Dhaka,Lakshmipur,12
post_june_2026,Dhaka,Manikganj,12
post_june_2026,Dhaka,Patuakhali,12
post_june_2026,Chattogram,Cox's Bazar,11
post_june_2026,Nilphamari,Rangpur,11
post_june_2026,Chandpur,Cumilla,10
post_june_2026,Chattogram,Pirojpur,10
post_june_2026,Sunamganj,Sylhet,10
post_june_2026,Bagerhat,Khulna,9
post_june_2026,Chattogram,Gazipur,9
post_june_2026,Dhaka,Netrokona,9
post_june_2026,Dhaka,Sherpur,9
post_june_2026,Dhaka,Thakurgaon,9
post_june_2026,Khulna,Kushtia,9
post_june_2026,Chattogram,Rangamati,8
post_june_2026,Dhaka,Natore,8
post_june_2026,Lalmonirhat,Rangpur,8
post_june_2026,Natore,Rajshahi,8
post_june_2026,Chattogram,Patuakhali,7
post_june_2026,Dhaka,Gaibandha,7
post_june_2026,Gaibandha,Rangpur,7
post_june_2026,Gazipur,Mymensingh,7
post_june_2026,Kurigram,Rangpur,7
post_june_2026,Naogaon,Rajshahi,7
post_june_2026,Bandarban,Chattogram,6
post_june_2026,Barguna,Barishal,6
post_june_2026,Chattogram,Khulna,6
post_june_2026,Dhaka,Pirojpur,6
post_june_2026,Dhaka,Satkhira,6
post_june_2026,Bogura,Rangpur,5
post_june_2026,Cumilla,Feni,5
post_june_2026,Cumilla,Narayanganj,5
post_june_2026,Cumilla,Rangpur,5
post_june_2026,Dinajpur,Thakurgaon,5
post_june_2026,Gazipur,Rangpur,5
post_june_2026,Bhola,Chattogram,4
post_june_2026,Bogura,Rajshahi,4
post_june_2026,Brahmanbaria,Sylhet,4
post_june_2026,Chattogram,Narayanganj,4
post_june_2026,Chattogram,Sylhet,4
post_june_2026,Cumilla,Mymensingh,4
post_june_2026,Cumilla,Sylhet,4
post_june_2026,Dhaka,Habiganj,4
post_june_2026,Dhaka,Jhenaidah,4
post_june_2026,Dhaka,Kurigram,4
post_june_2026,Dhaka,Lalmonirhat,4
post_june_2026,Dhaka,Shariatpur,4
post_june_2026,Dhaka,Sunamganj,4
post_june_2026,Gazipur,Pabna,4
post_june_2026,Jamalpur,Mymensingh,4
post_june_2026,Kushtia,Sylhet,4
post_june_2026,Moulvibazar,Sylhet,4
post_june_2026,Pabna,Rajshahi,4
post_june_2026,Bandarban,Dhaka,3
post_june_2026,Barguna,Dhaka,3
post_june_2026,Barishal,Magura,3
post_june_2026,Barishal,Rangpur,3
post_june_2026,Bogura,Gaibandha,3
post_june_2026,Brahmanbaria,Cumilla,3
post_june_2026,Chandpur,Narayanganj,3
post_june_2026,Chattogram,Khagrachhari,3
post_june_2026,Chattogram,Kishoreganj,3
post_june_2026,Chattogram,Magura,3
post_june_2026,Chattogram,Munshiganj,3
post_june_2026,Chattogram,Pabna,3
post_june_2026,Chattogram,Rajshahi,3
post_june_2026,Chattogram,Rangpur,3
post_june_2026,Cumilla,Gazipur,3
post_june_2026,Cumilla,Noakhali,3
post_june_2026,Dhaka,Joypurhat,3
post_june_2026,Dhaka,Nilphamari,3
post_june_2026,Dhaka,Panchagarh,3
post_june_2026,Dhaka,Rajbari,3
post_june_2026,Gazipur,Khulna,3
post_june_2026,Gazipur,Kishoreganj,3
post_june_2026,Gazipur,Tangail,3
post_june_2026,Gazipur,Thakurgaon,3
post_june_2026,Khulna,Rajshahi,3
post_june_2026,Magura,Sylhet,3
post_june_2026,Mymensingh,Narsingdi,3
post_june_2026,Naogaon,Sylhet,3
post_june_2026,Narsingdi,Sylhet,3
post_june_2026,Rajshahi,Rangpur,3
post_june_2026,Rangpur,Tangail,3
post_june_2026,Bagerhat,Chattogram,2
post_june_2026,Barishal,Bogura,2
post_june_2026,Barishal,Cox's Bazar,2
post_june_2026,Barishal,Cumilla,2
post_june_2026,Barishal,Khulna,2
post_june_2026,Barishal,Patuakhali,2
post_june_2026,Barishal,Pirojpur,2
post_june_2026,Barishal,Rajshahi,2
post_june_2026,Bhola,Sylhet,2
post_june_2026,Bogura,Gazipur,2
post_june_2026,Bogura,Tangail,2
post_june_2026,Brahmanbaria,Habiganj,2
post_june_2026,Chapainawabganj,Dhaka,2
post_june_2026,Chapainawabganj,Rajshahi,2
post_june_2026,Chattogram,Faridpur,2
post_june_2026,Chattogram,Naogaon,2
post_june_2026,Chuadanga,Dhaka,2
post_june_2026,Chuadanga,Khulna,2
post_june_2026,Cox's Bazar,Cumilla,2
post_june_2026,Cox's Bazar,Rangpur,2
post_june_2026,Cumilla,Khulna,2
post_june_2026,Dhaka,Meherpur,2
post_june_2026,Dhaka,Moulvibazar,2
post_june_2026,Dinajpur,Gazipur,2
post_june_2026,Dinajpur,Pabna,2
post_june_2026,Dinajpur,Rangpur,2
post_june_2026,Faridpur,Khulna,2
post_june_2026,Gazipur,Jamalpur,2
post_june_2026,Gazipur,Kushtia,2
post_june_2026,Gazipur,Rajshahi,2
post_june_2026,Gazipur,Sylhet,2
post_june_2026,Gopalganj,Khulna,2
post_june_2026,Habiganj,Sirajganj,2
post_june_2026,Jamalpur,Sherpur,2
post_june_2026,Khulna,Sylhet,2
post_june_2026,Kishoreganj,Rangpur,2
post_june_2026,Mymensingh,Rangpur,2
post_june_2026,Mymensingh,Sirajganj,2
post_june_2026,Mymensingh,Tangail,2
post_june_2026,Narayanganj,Narsingdi,2
post_june_2026,Narayanganj,Rajshahi,2
post_june_2026,Narayanganj,Rangpur,2
post_june_2026,Nilphamari,Panchagarh,2
post_june_2026,Noakhali,Rangpur,2
post_june_2026,Pabna,Tangail,2
post_june_2026,Panchagarh,Thakurgaon,2
post_june_2026,Rajshahi,Tangail,2
post_june_2026,Rangpur,Thakurgaon,2
post_june_2026,Sylhet,Tangail,2
post_june_2026,Bagerhat,Bogura,1
post_june_2026,Bagerhat,Gaibandha,1
post_june_2026,Bagerhat,Jessore,1
post_june_2026,Bagerhat,Madaripur,1
post_june_2026,Bagerhat,Narsingdi,1
post_june_2026,Bagerhat,Satkhira,1
post_june_2026,Bagerhat,Tangail,1
post_june_2026,Bandarban,Barguna,1
post_june_2026,Bandarban,Barishal,1
post_june_2026,Bandarban,Cox's Bazar,1
post_june_2026,Bandarban,Cumilla,1
post_june_2026,Barguna,Khulna,1
post_june_2026,Barguna,Patuakhali,1
post_june_2026,Barishal,Faridpur,1
post_june_2026,Barishal,Feni,1
post_june_2026,Barishal,Gazipur,1
post_june_2026,Barishal,Kishoreganj,1
post_june_2026,Barishal,Lakshmipur,1
post_june_2026,Barishal,Madaripur,1
post_june_2026,Barishal,Manikganj,1
post_june_2026,Barishal,Narail,1
post_june_2026,Barishal,Narsingdi,1
post_june_2026,Barishal,Sylhet,1
post_june_2026,Bhola,Feni,1
post_june_2026,Bhola,Gazipur,1
post_june_2026,Bhola,Habiganj,1
post_june_2026,Bhola,Naogaon,1
post_june_2026,Bhola,Noakhali,1
post_june_2026,Bogura,Chandpur,1
post_june_2026,Bogura,Mymensingh,1
post_june_2026,Bogura,Narsingdi,1
post_june_2026,Bogura,Nilphamari,1
post_june_2026,Bogura,Panchagarh,1
post_june_2026,Bogura,Sherpur,1
post_june_2026,Bogura,Sirajganj,1
post_june_2026,Bogura,Sylhet,1
post_june_2026,Brahmanbaria,Mymensingh,1
post_june_2026,Brahmanbaria,Narayanganj,1
post_june_2026,Brahmanbaria,Sherpur,1
post_june_2026,Brahmanbaria,Tangail,1
post_june_2026,Chandpur,Jhenaidah,1
post_june_2026,Chandpur,Mymensingh,1
post_june_2026,Chandpur,Rangpur,1
post_june_2026,Chandpur,Sylhet,1
post_june_2026,Chattogram,Dinajpur,1
post_june_2026,Chattogram,Jamalpur,1
post_june_2026,Chattogram,Jessore,1
post_june_2026,Chattogram,Mymensingh,1
post_june_2026,Chattogram,Narsingdi,1
post_june_2026,Chattogram,Nilphamari,1
post_june_2026,Chattogram,Sunamganj,1
post_june_2026,Chattogram,Tangail,1
post_june_2026,Chuadanga,Kushtia,1
post_june_2026,Cox's Bazar,Feni,1
post_june_2026,Cox's Bazar,Narail,1
post_june_2026,Cumilla,Natore,1
post_june_2026,Cumilla,Patuakhali,1
post_june_2026,Cumilla,Pirojpur,1
post_june_2026,Cumilla,Rajshahi,1
post_june_2026,Cumilla,Shariatpur,1
post_june_2026,Cumilla,Tangail,1
post_june_2026,Dinajpur,Khulna,1
post_june_2026,Dinajpur,Naogaon,1
post_june_2026,Dinajpur,Tangail,1
post_june_2026,Faridpur,Gazipur,1
post_june_2026,Faridpur,Gopalganj,1
post_june_2026,Faridpur,Jessore,1
post_june_2026,Faridpur,Mymensingh,1
post_june_2026,Faridpur,Narayanganj,1
post_june_2026,Faridpur,Panchagarh,1
post_june_2026,Faridpur,Rajbari,1
post_june_2026,Faridpur,Rajshahi,1
post_june_2026,Faridpur,Shariatpur,1
post_june_2026,Feni,Gazipur,1
post_june_2026,Feni,Habiganj,1
post_june_2026,Feni,Khulna,1
post_june_2026,Feni,Mymensingh,1
post_june_2026,Gaibandha,Madaripur,1
post_june_2026,Gaibandha,Sunamganj,1
post_june_2026,Gazipur,Naogaon,1
post_june_2026,Gazipur,Satkhira,1
post_june_2026,Gazipur,Sirajganj,1
post_june_2026,Gopalganj,Sirajganj,1
post_june_2026,Habiganj,Naogaon,1
post_june_2026,Habiganj,Rajshahi,1
post_june_2026,Habiganj,Rangpur,1
post_june_2026,Jamalpur,Khulna,1
post_june_2026,Jamalpur,Magura,1
post_june_2026,Jamalpur,Rangpur,1
post_june_2026,Jamalpur,Tangail,1
post_june_2026,Jessore,Narail,1
post_june_2026,Jhenaidah,Khulna,1
post_june_2026,Joypurhat,Naogaon,1
post_june_2026,Khulna,Mymensingh,1
post_june_2026,Khulna,Narail,1
post_june_2026,Khulna,Narayanganj,1
post_june_2026,Khulna,Narsingdi,1
post_june_2026,Khulna,Natore,1
post_june_2026,Khulna,Rangamati,1
post_june_2026,Khulna,Rangpur,1
post_june_2026,Khulna,Tangail,1
post_june_2026,Kishoreganj,Lakshmipur,1
post_june_2026,Kishoreganj,Munshiganj,1
post_june_2026,Kishoreganj,Mymensingh,1
post_june_2026,Kishoreganj,Narsingdi,1
post_june_2026,Kishoreganj,Shariatpur,1
post_june_2026,Kishoreganj,Sylhet,1
post_june_2026,Kushtia,Munshiganj,1
post_june_2026,Lakshmipur,Noakhali,1
post_june_2026,Lakshmipur,Pabna,1
post_june_2026,Lakshmipur,Rangpur,1
post_june_2026,Lalmonirhat,Narayanganj,1
post_june_2026,Madaripur,Magura,1
post_june_2026,Madaripur,Pabna,1
post_june_2026,Madaripur,Rajshahi,1
post_june_2026,Madaripur,Sunamganj,1
post_june_2026,Madaripur,Sylhet,1
post_june_2026,Magura,Patuakhali,1
post_june_2026,Magura,Shariatpur,1
post_june_2026,Manikganj,Narsingdi,1
post_june_2026,Manikganj,Tangail,1
post_june_2026,Meherpur,Narsingdi,1
post_june_2026,Meherpur,Sylhet,1
post_june_2026,Moulvibazar,Mymensingh,1
post_june_2026,Moulvibazar,Rangpur,1
post_june_2026,Munshiganj,Narsingdi,1
post_june_2026,Munshiganj,Patuakhali,1
post_june_2026,Mymensingh,Narayanganj,1
post_june_2026,Mymensingh,Patuakhali,1
post_june_2026,Mymensingh,Sylhet,1
post_june_2026,Naogaon,Rangpur,1
post_june_2026,Narayanganj,Shariatpur,1
post_june_2026,Narayanganj,Sherpur,1
post_june_2026,Narayanganj,Sirajganj,1
post_june_2026,Narsingdi,Natore,1
post_june_2026,Narsingdi,Tangail,1
post_june_2026,Natore,Nilphamari,1
post_june_2026,Natore,Patuakhali,1
post_june_2026,Natore,Rangpur,1
post_june_2026,Netrokona,Rangpur,1
post_june_2026,Netrokona,Sylhet,1
post_june_2026,Pabna,Patuakhali,1
post_june_2026,Pabna,Sylhet,1
post_june_2026,Panchagarh,Rangpur,1
post_june_2026,Patuakhali,Sherpur,1
post_june_2026,Patuakhali,Sylhet,1
post_june_2026,Rajshahi,Sirajganj,1
post_june_2026,Rangpur,Sirajganj,1
post_june_2026,Rangpur,Sylhet,1
post_june_2026,Satkhira,Sylhet,1
post_june_2026,Satkhira,Tangail,1
post_june_2026,Sirajganj,Tangail,1
