period,location,sentiment,comments,avg_confidence,share
after_election,Bagerhat,negative,10,0.5100958568430166,0.37037037037037035
after_election,Bagerhat,neutral,2,0.7371646386489318,0.07407407407407407
after_election,Bagerhat,positive,5,0.5016613267841683,0.18518518518518517
after_election,Bagerhat,sarcastic_negative,10,0.5037237400682985,0.37037037037037035
after_election,Bandarban,negative,3,0.5652879749483325,0.5
after_election,Bandarban,positive,2,0.40228591367439964,0.3333333333333333
after_election,Bandarban,sarcastic_negative,1,0.8069522033799106,0.16666666666666666
after_election,Barguna,negative,4,0.47166473158846306,0.3333333333333333
after_election,Barguna,positive,2,0.5309785387603584,0.16666666666666666
after_election,Barguna,sarcastic_negative,6,0.486825610300869,0.5
after_election,Barishal,negative,55,0.4834927518762779,0.3021978021978022
after_election,Barishal,neutral,15,0.5567030370293509,0.08241758241758242
after_election,Barishal,positive,27,0.5042235299749966,0.14835164835164835
after_election,Barishal,sarcastic_negative,85,0.4734753611096255,0.46703296703296704
after_election,Bhola,negative,11,0.45473154494169604,0.25
after_election,Bhola,neutral,6,0.6807179606474049,0.13636363636363635
after_election,Bhola,positive,8,0.5333367850745226,0.18181818181818182
after_election,Bhola,sarcastic_negative,19,0.4515510281276986,0.4318181818181818
after_election,Bogura,negative,10,0.5552699493720304,0.22727272727272727
after_election,Bogura,neutral,3,0.4632108497775506,0.06818181818181818
after_election,Bogura,positive,7,0.6548039683656655,0.1590909090909091
after_election,Bogura,sarcastic_negative,24,0.476996612901763,0.5454545454545454
after_election,Brahmanbaria,negative,14,0.5119347629652761,0.3684210526315789
after_election,Brahmanbaria,neutral,2,0.6136279019051595,0.05263157894736842
after_election,Brahmanbaria,positive,5,0.5259030332427731,0.13157894736842105
after_election,Brahmanbaria,sarcastic_negative,17,0.44634551849113746,0.4473684210526316
after_election,Chandpur,negative,21,0.49992978115334835,0.35
after_election,Chandpur,neutral,5,0.5653351815256528,0.08333333333333333
after_election,Chandpur,positive,6,0.4379744681439399,0.1
after_election,Chandpur,sarcastic_negative,28,0.48194310362538095,0.4666666666666667
after_election,Chapainawabganj,negative,2,0.3886062632930203,0.4
after_election,Chapainawabganj,positive,2,0.5662738294282119,0.4
after_election,Chapainawabganj,sarcastic_negative,1,0.5184603694419245,0.2
after_election,Chattogram,negative,144,0.49507130721213743,0.3257918552036199
after_election,Chattogram,neutral,38,0.5672814833388183,0.08597285067873303
after_election,Chattogram,positive,51,0.5083883632745598,0.11538461538461539
after_election,Chattogram,sarcastic_negative,209,0.48412360284793704,0.47285067873303166
after_election,Chuadanga,negative,1,0.3869069024894206,0.3333333333333333
after_election,Chuadanga,sarcastic_negative,2,0.519214639599652,0.6666666666666666
after_election,Cox's Bazar,negative,9,0.48212209165344927,0.225
after_election,Cox's Bazar,positive,6,0.551270026287186,0.15
after_election,Cox's Bazar,sarcastic_negative,25,0.5006579269342556,0.625
after_election,Cumilla,negative,41,0.5096453886593247,0.3445378151260504
after_election,Cumilla,neutral,9,0.398437563018316,0.07563025210084033
after_election,Cumilla,positive,10,0.5537205281801572,0.08403361344537816
after_election,Cumilla,sarcastic_negative,59,0.4870728248588723,0.4957983193277311
after_election,Dhaka,negative,532,0.5058241134824017,0.3012457531143828
after_election,Dhaka,neutral,162,0.5948447751609899,0.09173272933182333
after_election,Dhaka,positive,232,0.5341878729137617,0.13137032842582105
after_election,Dhaka,sarcastic_negative,840,0.4803117953297599,0.47565118912797283
after_election,Dinajpur,negative,5,0.5500884075386846,0.17857142857142858
after_election,Dinajpur,neutral,2,0.6652627103710498,0.07142857142857142
after_election,Dinajpur,positive,4,0.6181058295336557,0.14285714285714285
after_election,Dinajpur,sarcastic_negative,17,0.46835852167518566,0.6071428571428571
after_election,Faridpur,negative,11,0.5117021110147157,0.36666666666666664
after_election,Faridpur,neutral,2,0.501562716137567,0.06666666666666667
after_election,Faridpur,positive,2,0.4783788734486534,0.06666666666666667
after_election,Faridpur,sarcastic_negative,15,0.4986009158931253,0.5
after_election,Feni,negative,9,0.5076338654374688,0.225
after_election,Feni,neutral,2,0.43264722688753143,0.05
after_election,Feni,positive,7,0.5263352461495812,0.175
after_election,Feni,sarcastic_negative,22,0.4492207130035892,0.55
after_election,Gaibandha,negative,1,0.7236402850487822,0.14285714285714285
after_election,Gaibandha,positive,3,0.6918250417048678,0.42857142857142855
after_election,Gaibandha,sarcastic_negative,3,0.4160875721342117,0.42857142857142855
after_election,Gazipur,negative,43,0.5294569032027969,0.3706896551724138
after_election,Gazipur,neutral,6,0.6364775191289563,0.05172413793103448
after_election,Gazipur,positive,14,0.4921564637026598,0.1206896551724138
after_election,Gazipur,sarcastic_negative,53,0.46019884475502043,0.45689655172413796
after_election,Gopalganj,negative,3,0.6200637875225988,0.25
after_election,Gopalganj,neutral,1,0.7932801583080549,0.08333333333333333
after_election,Gopalganj,positive,1,0.4520120797172044,0.08333333333333333
after_election,Gopalganj,sarcastic_negative,7,0.46418431213391315,0.5833333333333334
after_election,Habiganj,negative,5,0.4283166137750232,0.38461538461538464
after_election,Habiganj,neutral,2,0.4473199618069009,0.15384615384615385
after_election,Habiganj,sarcastic_negative,6,0.520991298778379,0.46153846153846156
after_election,Jamalpur,negative,6,0.5138140580986256,0.20689655172413793
after_election,Jamalpur,positive,3,0.4230909369700122,0.10344827586206896
after_election,Jamalpur,sarcastic_negative,20,0.47188931984772503,0.6896551724137931
after_election,Jashore,negative,3,0.5520965856956312,0.42857142857142855
after_election,Jashore,sarcastic_negative,4,0.404182518108003,0.5714285714285714
after_election,Jessore,negative,12,0.46978117972938066,0.27906976744186046
after_election,Jessore,neutral,8,0.5231972115181815,0.18604651162790697
after_election,Jessore,positive,3,0.5091278359548669,0.06976744186046512
after_election,Jessore,sarcastic_negative,20,0.4688640316053081,0.46511627906976744
after_election,Jhenaidah,positive,1,0.4752168225034602,1.0
after_election,Joypurhat,neutral,2,0.514092828052211,0.4
after_election,Joypurhat,positive,3,0.5739262980007067,0.6
after_election,Khulna,negative,41,0.48190192320941855,0.2611464968152866
after_election,Khulna,neutral,21,0.5664406627468835,0.1337579617834395
after_election,Khulna,positive,16,0.565481891315623,0.10191082802547771
after_election,Khulna,sarcastic_negative,79,0.4704886687945923,0.5031847133757962
after_election,Kishoreganj,negative,12,0.42402258398349746,0.32432432432432434
after_election,Kishoreganj,neutral,5,0.7443730357566001,0.13513513513513514
after_election,Kishoreganj,positive,3,0.6124231036655128,0.08108108108108109
after_election,Kishoreganj,sarcastic_negative,17,0.5505650557888112,0.4594594594594595
after_election,Kurigram,negative,3,0.4923895071541688,0.2727272727272727
after_election,Kurigram,neutral,2,0.6763920299715661,0.18181818181818182
after_election,Kurigram,positive,1,0.5860881562033491,0.09090909090909091
after_election,Kurigram,sarcastic_negative,5,0.5615075040764477,0.45454545454545453
after_election,Kushtia,negative,8,0.48479165865947116,0.2857142857142857
after_election,Kushtia,positive,2,0.5887128713111203,0.07142857142857142
after_election,Kushtia,sarcastic_negative,18,0.44517688132715594,0.6428571428571429
after_election,Lakshmipur,negative,11,0.44271965482944875,0.3055555555555556
after_election,Lakshmipur,neutral,3,0.45945301043378345,0.08333333333333333
after_election,Lakshmipur,positive,4,0.44717068591992115,0.1111111111111111
after_election,Lakshmipur,sarcastic_negative,18,0.501574371029154,0.5
after_election,Lalmonirhat,negative,3,0.44380046833394643,0.1875
after_election,Lalmonirhat,neutral,1,0.7524302628079623,0.0625
after_election,Lalmonirhat,positive,2,0.6666453819220917,0.125
after_election,Lalmonirhat,sarcastic_negative,10,0.545718507801684,0.625
after_election,Madaripur,negative,6,0.44146546699508216,0.3333333333333333
after_election,Madaripur,positive,1,0.3303263323532945,0.05555555555555555
after_election,Madaripur,sarcastic_negative,11,0.4513975233650011,0.6111111111111112
after_election,Magura,negative,1,0.3341694678904187,0.08333333333333333
after_election,Magura,neutral,2,0.4400039070303279,0.16666666666666666
after_election,Magura,positive,3,0.5054936709928873,0.25
after_election,Magura,sarcastic_negative,6,0.4708356850270696,0.5
after_election,Manikganj,negative,5,0.5011430324509419,0.3125
after_election,Manikganj,neutral,2,0.5134806326220237,0.125
after_election,Manikganj,positive,1,0.5365091038903144,0.0625
after_election,Manikganj,sarcastic_negative,8,0.49410101793214906,0.5
after_election,Meherpur,positive,1,0.3000874707000946,0.3333333333333333
after_election,Meherpur,sarcastic_negative,2,0.5436695147370195,0.6666666666666666
after_election,Moulvibazar,negative,2,0.40912042968014123,0.4
after_election,Moulvibazar,sarcastic_negative,3,0.6143891628247268,0.6
after_election,Munshiganj,negative,9,0.4444677334564817,0.34615384615384615
after_election,Munshiganj,neutral,3,0.46423811634256945,0.11538461538461539
after_election,Munshiganj,positive,2,0.5924578933766476,0.07692307692307693
after_election,Munshiganj,sarcastic_negative,12,0.4831040346747182,0.46153846153846156
after_election,MunশIganj,positive,1,0.4781009204757247,1.0
after_election,Mymensingh,negative,21,0.5195018032612028,0.27631578947368424
after_election,Mymensingh,neutral,6,0.5723026393678823,0.07894736842105263
after_election,Mymensingh,positive,9,0.5014845722154211,0.11842105263157894
after_election,Mymensingh,sarcastic_negative,40,0.5106031356291507,0.5263157894736842
after_election,Naogaon,negative,4,0.541181148291439,0.2222222222222222
after_election,Naogaon,neutral,4,0.5358040438131821,0.2222222222222222
after_election,Naogaon,positive,2,0.5196268179454845,0.1111111111111111
after_election,Naogaon,sarcastic_negative,8,0.4839236567219399,0.4444444444444444
after_election,Narail,negative,2,0.5808402677636058,0.25
after_election,Narail,neutral,1,0.9247714136386292,0.125
after_election,Narail,positive,1,0.3689218981335938,0.125
after_election,Narail,sarcastic_negative,4,0.4953025075980017,0.5
after_election,Narayanganj,negative,12,0.4550144011843751,0.2727272727272727
after_election,Narayanganj,neutral,5,0.5590651634296159,0.11363636363636363
after_election,Narayanganj,positive,7,0.4751157679674097,0.1590909090909091
after_election,Narayanganj,sarcastic_negative,20,0.47201642847504316,0.45454545454545453
after_election,Narsingdi,negative,9,0.5083293243609339,0.3
after_election,Narsingdi,neutral,1,0.5544737453304484,0.03333333333333333
after_election,Narsingdi,positive,4,0.5276401146537479,0.13333333333333333
after_election,Narsingdi,sarcastic_negative,16,0.512506706517785,0.5333333333333333
after_election,Natore,negative,3,0.4820366191984042,0.2727272727272727
after_election,Natore,neutral,1,0.4634152989233688,0.09090909090909091
after_election,Natore,positive,2,0.4663449257242829,0.18181818181818182
after_election,Natore,sarcastic_negative,5,0.48176380534332325,0.45454545454545453
after_election,Netrokona,negative,4,0.4929999451067447,0.4
after_election,Netrokona,neutral,1,0.6019883513721366,0.1
after_election,Netrokona,sarcastic_negative,5,0.5154310372509199,0.5
after_election,Nilphamari,negative,3,0.5081164026276513,0.3333333333333333
after_election,Nilphamari,positive,2,0.5933929151158182,0.2222222222222222
after_election,Nilphamari,sarcastic_negative,4,0.5687173813628249,0.4444444444444444
after_election,Noakhali,negative,23,0.4519515760886617,0.38333333333333336
after_election,Noakhali,neutral,5,0.49061474755795037,0.08333333333333333
after_election,Noakhali,positive,11,0.5244845863301513,0.18333333333333332
after_election,Noakhali,sarcastic_negative,21,0.4948687440306344,0.35
after_election,Pabna,negative,15,0.504406532130945,0.32608695652173914
after_election,Pabna,neutral,3,0.7433260695714271,0.06521739130434782
after_election,Pabna,positive,5,0.6987607564580696,0.10869565217391304
after_election,Pabna,sarcastic_negative,23,0.45676066782895314,0.5
after_election,Panchagarh,negative,8,0.45175859170682153,0.38095238095238093
after_election,Panchagarh,neutral,1,0.382160029657947,0.047619047619047616
after_election,Panchagarh,positive,1,0.4198736636231326,0.047619047619047616
after_election,Panchagarh,sarcastic_negative,11,0.48215066567999804,0.5238095238095238
after_election,Patuakhali,negative,4,0.39138675352055585,0.25
after_election,Patuakhali,neutral,4,0.3958662909964446,0.25
after_election,Patuakhali,positive,2,0.5082627490642609,0.125
after_election,Patuakhali,sarcastic_negative,6,0.4252872101725602,0.375
after_election,Pirojpur,negative,2,0.46194914914026286,0.25
after_election,Pirojpur,neutral,1,0.6600281115738733,0.125
after_election,Pirojpur,sarcastic_negative,5,0.49618773160849416,0.625
after_election,Rajbari,negative,3,0.4904231210805457,0.3333333333333333
after_election,Rajbari,positive,2,0.6942935456945234,0.2222222222222222
after_election,Rajbari,sarcastic_negative,4,0.430381406061745,0.4444444444444444
after_election,Rajshahi,negative,26,0.46353523417570724,0.3291139240506329
after_election,Rajshahi,neutral,6,0.5809539505412953,0.0759493670886076
after_election,Rajshahi,positive,14,0.5897712502104023,0.17721518987341772
after_election,Rajshahi,sarcastic_negative,33,0.495144074522209,0.4177215189873418
after_election,Rangamati,negative,1,0.774290635471796,0.125
after_election,Rangamati,neutral,1,0.7423110685945608,0.125
after_election,Rangamati,positive,1,0.6961564278676875,0.125
after_election,Rangamati,sarcastic_negative,5,0.46136827854391677,0.625
after_election,Rangpur,negative,31,0.5327234607510443,0.29245283018867924
after_election,Rangpur,neutral,15,0.580394677868432,0.14150943396226415
after_election,Rangpur,positive,12,0.5664846246723998,0.11320754716981132
after_election,Rangpur,sarcastic_negative,48,0.48574395329142417,0.4528301886792453
after_election,Satkhira,negative,2,0.45801237221310614,0.1111111111111111
after_election,Satkhira,neutral,3,0.8313502864447301,0.16666666666666666
after_election,Satkhira,positive,1,0.6961564278676875,0.05555555555555555
after_election,Satkhira,sarcastic_negative,12,0.4451157413487381,0.6666666666666666
after_election,Shariatpur,neutral,1,0.7190159432399396,0.125
after_election,Shariatpur,positive,2,0.46236223442950886,0.25
after_election,Shariatpur,sarcastic_negative,5,0.44632855176525005,0.625
after_election,Sherpur,negative,6,0.5038471526783918,0.3333333333333333
after_election,Sherpur,neutral,2,0.5357920506546577,0.1111111111111111
after_election,Sherpur,positive,2,0.3910609561701342,0.1111111111111111
after_election,Sherpur,sarcastic_negative,8,0.5633013622198625,0.4444444444444444
after_election,Sirajganj,negative,8,0.4749094758355455,0.25
after_election,Sirajganj,neutral,4,0.4625461947739396,0.125
after_election,Sirajganj,positive,7,0.6505364162715938,0.21875
after_election,Sirajganj,sarcastic_negative,13,0.4553423213576651,0.40625
after_election,Sunamganj,negative,5,0.43256769430645187,0.2777777777777778
after_election,Sunamganj,neutral,3,0.6716932472305297,0.16666666666666666
after_election,Sunamganj,positive,1,0.7709190518126292,0.05555555555555555
after_election,Sunamganj,sarcastic_negative,9,0.4828749804371049,0.5
after_election,Sylhet,negative,47,0.5001247955348068,0.30718954248366015
after_election,Sylhet,neutral,10,0.567689335268872,0.06535947712418301
after_election,Sylhet,positive,17,0.485999395188907,0.1111111111111111
after_election,Sylhet,sarcastic_negative,79,0.4843308091811098,0.5163398692810458
after_election,Tangail,negative,13,0.5208188739918292,0.25
after_election,Tangail,positive,6,0.5650293596742423,0.11538461538461539
after_election,Tangail,sarcastic_negative,33,0.4585952811224481,0.6346153846153846
after_election,Thakurgaon,negative,8,0.4373913866417226,0.5714285714285714
after_election,Thakurgaon,neutral,3,0.43346503899517624,0.21428571428571427
after_election,Thakurgaon,sarcastic_negative,3,0.43184050144397795,0.21428571428571427
after_election,কিশোরগঞ্জ,negative,2,0.6177253402810771,0.2
after_election,কিশোরগঞ্জ,neutral,2,0.7056098626287315,0.2
after_election,কিশোরগঞ্জ,positive,1,0.4607162168555116,0.1
after_election,কিশোরগঞ্জ,sarcastic_negative,5,0.5996066050278792,0.5
after_election,কুড়িগ্রাম,negative,1,0.3749509442414776,0.25
after_election,কুড়িগ্রাম,positive,1,0.3627467206651285,0.25
after_election,কুড়িগ্রাম,sarcastic_negative,2,0.5209809594365258,0.5
after_election,কুষ্টিয়া,negative,1,0.5414416943487157,0.25
after_election,কুষ্টিয়া,positive,1,0.6961564278676875,0.25
after_election,কুষ্টিয়া,sarcastic_negative,2,0.43388610069236566,0.5
after_election,খাও হালুয়া,negative,1,0.4131378952298612,1.0
after_election,গাইবান্ধা,sarcastic_negative,3,0.41543772876040075,1.0
after_election,গোপালগঞ্জ,negative,2,0.7240991524444603,0.5
after_election,গোপালগঞ্জ,sarcastic_negative,2,0.3433789350958055,0.5
after_election,চাঁদপুর,negative,2,0.48963556666385044,0.2857142857142857
after_election,চাঁদপুর,neutral,1,0.4935447244069167,0.14285714285714285
after_election,চাঁদপুর,sarcastic_negative,4,0.4614955208905053,0.5714285714285714
after_election,চাঁপাইনবাবগঞ্জ,positive,2,0.5662738294282119,0.6666666666666666
after_election,চাঁপাইনবাবগঞ্জ,sarcastic_negative,1,0.3514780772771273,0.3333333333333333
after_election,জয়পুরহাট,sarcastic_negative,2,0.3472154320724987,1.0
after_election,জামালপুর,negative,2,0.5010576442976464,0.3333333333333333
after_election,জামালপুর,positive,1,0.4675032951706813,0.16666666666666666
after_election,জামালপুর,sarcastic_negative,3,0.39822616857612436,0.5
after_election,ঝালকাঠি,negative,3,0.51726973128608,1.0
after_election,ঝিনাইদহ,sarcastic_negative,3,0.43869613789282785,1.0
after_election,টাঙ্গাইল,negative,1,0.3617098241489828,1.0
after_election,ঠাকুরগাঁও,negative,1,0.5883892126291868,0.3333333333333333
after_election,ঠাকুরগাঁও,sarcastic_negative,2,0.4185449535596245,0.6666666666666666
after_election,দিনাজপুর,sarcastic_negative,6,0.40332390879167795,1.0
after_election,নওগাঁ,negative,2,0.46210154763140177,0.2857142857142857
after_election,নওগাঁ,neutral,1,0.4057988711525697,0.14285714285714285
after_election,নওগাঁ,positive,1,0.4551347469668428,0.14285714285714285
after_election,নওগাঁ,sarcastic_negative,3,0.43830464938798147,0.42857142857142855
after_election,নরসিংদী,negative,3,0.5105009426374211,0.23076923076923078
after_election,নরসিংদী,neutral,1,0.3829148314905373,0.07692307692307693
after_election,নরসিংদী,sarcastic_negative,9,0.4474016503658213,0.6923076923076923
after_election,নাটোর,negative,2,0.42405147922389097,0.6666666666666666
after_election,নাটোর,sarcastic_negative,1,0.403210270295457,0.3333333333333333
after_election,নারায়ণগঞ্জ,positive,1,0.3352921352508399,1.0
after_election,নীলফামারী,negative,1,0.6434228025719827,0.2
after_election,নীলফামারী,sarcastic_negative,4,0.5017208703287267,0.8
after_election,নেত্রকোনা,negative,2,0.5263419125024587,1.0
after_election,নোয়াখালী,negative,3,0.4463886272115533,0.42857142857142855
after_election,নোয়াখালী,neutral,1,0.6101792337137963,0.14285714285714285
after_election,নোয়াখালী,sarcastic_negative,3,0.48482794176185945,0.42857142857142855
after_election,পঞ্চগড়,negative,1,0.403843658713243,0.5
after_election,পঞ্চগড়,positive,1,0.8302793109881251,0.5
after_election,পটুয়াখালী,sarcastic_negative,1,0.6164124489157555,1.0
after_election,পাবনা,negative,1,0.3982208324302202,0.14285714285714285
after_election,পাবনা,neutral,1,0.3799203130413074,0.14285714285714285
after_election,পাবনা,positive,1,0.5575388712644335,0.14285714285714285
after_election,পাবনা,sarcastic_negative,4,0.42847254778329547,0.5714285714285714
after_election,পিরোজপুর,negative,1,0.4862972022709865,0.3333333333333333
after_election,পিরোজপুর,neutral,1,0.2986861997661335,0.3333333333333333
after_election,পিরোজপুর,sarcastic_negative,1,0.3248365284837742,0.3333333333333333
after_election,ফরিদপুর,negative,3,0.5051436434891032,0.6
after_election,ফরিদপুর,positive,1,0.5504981587004171,0.2
after_election,ফরিদপুর,sarcastic_negative,1,0.4371097571515336,0.2
after_election,বগুড়া,negative,2,0.6324269033719062,0.18181818181818182
after_election,বগুড়া,neutral,2,0.6923170801545517,0.18181818181818182
after_election,বগুড়া,positive,2,0.5764658695407532,0.18181818181818182
after_election,বগুড়া,sarcastic_negative,5,0.5284546493975262,0.45454545454545453
after_election,বরগুনা,negative,1,0.6503910213906285,0.3333333333333333
after_election,বরগুনা,positive,1,0.396701562073702,0.3333333333333333
after_election,বরগুনা,sarcastic_negative,1,0.3123290486395296,0.3333333333333333
after_election,বাগেরহাট,neutral,2,0.5340950844224958,0.5
after_election,বাগেরহাট,sarcastic_negative,2,0.361870055560776,0.5
after_election,বান্দরবান,negative,1,0.5568829839232091,0.3333333333333333
after_election,বান্দরবান,positive,1,0.3417185074969178,0.3333333333333333
after_election,বান্দরবান,sarcastic_negative,1,0.5219161768958286,0.3333333333333333
after_election,ব্রাহ্মণবাড়িয়া,negative,1,0.4209766551078965,0.16666666666666666
after_election,ব্রাহ্মণবাড়িয়া,neutral,2,0.5245565062923732,0.3333333333333333
after_election,ব্রাহ্মণবাড়িয়া,sarcastic_negative,3,0.4698886284234711,0.5
after_election,ভোলা,negative,1,0.3955220100442057,0.14285714285714285
after_election,ভোলা,neutral,1,0.9312698929699248,0.14285714285714285
after_election,ভোলা,positive,1,0.4046179062801472,0.14285714285714285
after_election,ভোলা,sarcastic_negative,4,0.47638616000540224,0.5714285714285714
after_election,ময়মনসিংহ,negative,5,0.4625714403472381,0.5
after_election,ময়মনসিংহ,neutral,1,0.9471554728865296,0.1
after_election,ময়মনসিংহ,positive,1,0.6270527206247294,0.1
after_election,ময়মনসিংহ,sarcastic_negative,3,0.5038509881792423,0.3
after_election,মাগুরা,neutral,1,0.60851310136855,1.0
after_election,মানিকগঞ্জ,negative,1,0.6126762997687958,0.5
after_election,মানিকগঞ্জ,sarcastic_negative,1,0.3225174076429822,0.5
after_election,মুন্সিগঞ্জ,sarcastic_negative,1,0.4168288929813142,1.0
after_election,মেহেরপুর,sarcastic_negative,2,0.41800279970158805,1.0
after_election,মৌলভীবাজার,negative,1,0.4167672410018601,0.2
after_election,মৌলভীবাজার,positive,2,0.4360508172985914,0.4
after_election,মৌলভীবাজার,sarcastic_negative,2,0.6116153171225926,0.4
after_election,যশোর,negative,1,0.7257360165258229,0.3333333333333333
after_election,যশোর,sarcastic_negative,2,0.4028257476650224,0.6666666666666666
after_election,রাঙ্গামাটি,negative,1,0.496731872449805,0.5
after_election,রাঙ্গামাটি,sarcastic_negative,1,0.4225930010540657,0.5
after_election,রাজবাড়ী,negative,1,0.4422129778815044,0.5
after_election,রাজবাড়ী,sarcastic_negative,1,0.3670904066109434,0.5
after_election,লক্ষ্মীপুর,negative,2,0.39172157398050605,0.5
after_election,লক্ষ্মীপুর,positive,1,0.3406799878501136,0.25
after_election,লক্ষ্মীপুর,sarcastic_negative,1,0.8267406993768763,0.25
after_election,লালমনিরহাট,sarcastic_negative,1,0.5171352467891388,1.0
after_election,শরীয়তপুর,positive,1,0.5069566708534637,0.3333333333333333
after_election,শরীয়তপুর,sarcastic_negative,2,0.43352124167563855,0.6666666666666666
after_election,শেরপুর,neutral,1,0.3471539149445244,0.5
after_election,শেরপুর,sarcastic_negative,1,0.3423537835161499,0.5
after_election,সাতক্ষীরা,negative,2,0.583250682659047,0.5
after_election,সাতক্ষীরা,positive,1,0.6961564278676875,0.25
after_election,সাতক্ষীরা,sarcastic_negative,1,0.4597443709473591,0.25
after_election,সুনামগঞ্জ,negative,4,0.6130066552065079,0.5
after_election,সুনামগঞ্জ,sarcastic_negative,4,0.5156131685218911,0.5
after_election,হবিগঞ্জ,positive,2,0.5055930557121406,0.6666666666666666
after_election,হবিগঞ্জ,sarcastic_negative,1,0.3619213417078368,0.3333333333333333
after_forming_government,Bagerhat,negative,4,0.5477239189232301,0.4
after_forming_government,Bagerhat,neutral,1,0.3529580436536866,0.1
after_forming_government,Bagerhat,positive,2,0.46755964316410326,0.2
after_forming_government,Bagerhat,sarcastic_negative,3,0.3802847844051221,0.3
after_forming_government,Bandarban,negative,2,0.5357156417131373,0.6666666666666666
after_forming_government,Bandarban,sarcastic_negative,1,0.4093940743400722,0.3333333333333333
after_forming_government,Barguna,negative,2,0.4181943403207977,0.4
after_forming_government,Barguna,positive,1,0.3698390718659988,0.2
after_forming_government,Barguna,sarcastic_negative,2,0.4235999140713142,0.4
after_forming_government,Barishal,negative,40,0.5297343674545759,0.3669724770642202
after_forming_government,Barishal,neutral,5,0.7051943719024101,0.045871559633027525
after_forming_government,Barishal,positive,17,0.532196349029405,0.1559633027522936
after_forming_government,Barishal,sarcastic_negative,47,0.48146831975421533,0.43119266055045874
after_forming_government,Bhola,negative,9,0.40722102152805234,0.4090909090909091
after_forming_government,Bhola,neutral,3,0.7226400585081961,0.13636363636363635
after_forming_government,Bhola,positive,5,0.5707328103029355,0.22727272727272727
after_forming_government,Bhola,sarcastic_negative,5,0.44461953335379356,0.22727272727272727
after_forming_government,Bogura,negative,8,0.45459453437391384,0.25
after_forming_government,Bogura,neutral,5,0.5948634383407619,0.15625
after_forming_government,Bogura,positive,6,0.49572689083595695,0.1875
after_forming_government,Bogura,sarcastic_negative,13,0.49181726115313046,0.40625
after_forming_government,Brahmanbaria,negative,3,0.5383807739251455,0.15789473684210525
after_forming_government,Brahmanbaria,neutral,3,0.7019814052335827,0.15789473684210525
after_forming_government,Brahmanbaria,positive,6,0.49500191895815426,0.3157894736842105
after_forming_government,Brahmanbaria,sarcastic_negative,7,0.4475992138795906,0.3684210526315789
after_forming_government,Chandpur,negative,8,0.5588979381211611,0.2857142857142857
after_forming_government,Chandpur,neutral,5,0.5421254690876356,0.17857142857142858
after_forming_government,Chandpur,positive,7,0.4693411784859247,0.25
after_forming_government,Chandpur,sarcastic_negative,8,0.41151989091702046,0.2857142857142857
after_forming_government,Chapainawabganj,neutral,1,0.4321465586237493,0.3333333333333333
after_forming_government,Chapainawabganj,sarcastic_negative,2,0.4761973953670771,0.6666666666666666
after_forming_government,Chattogram,negative,80,0.502593654377999,0.33195020746887965
after_forming_government,Chattogram,neutral,15,0.49519455276553875,0.06224066390041494
after_forming_government,Chattogram,positive,42,0.5397472450680232,0.17427385892116182
after_forming_government,Chattogram,sarcastic_negative,104,0.46864623442239195,0.4315352697095436
after_forming_government,Chuadanga,positive,1,0.3028719393949666,0.5
after_forming_government,Chuadanga,sarcastic_negative,1,0.4703111082447425,0.5
after_forming_government,Cox's Bazar,negative,11,0.5189772466121956,0.34375
after_forming_government,Cox's Bazar,neutral,1,0.645682615021732,0.03125
after_forming_government,Cox's Bazar,positive,7,0.48419643717711364,0.21875
after_forming_government,Cox's Bazar,sarcastic_negative,13,0.45303024931743885,0.40625
after_forming_government,Cumilla,negative,22,0.47436906864122863,0.3333333333333333
after_forming_government,Cumilla,neutral,4,0.5907781142903678,0.06060606060606061
after_forming_government,Cumilla,positive,15,0.5110295166426833,0.22727272727272727
after_forming_government,Cumilla,sarcastic_negative,25,0.4698289087587002,0.3787878787878788
after_forming_government,Dhaka,negative,340,0.5124240709038904,0.3379721669980119
after_forming_government,Dhaka,neutral,89,0.5810227102523663,0.08846918489065607
after_forming_government,Dhaka,positive,154,0.5203247368138445,0.15308151093439365
after_forming_government,Dhaka,sarcastic_negative,423,0.4541983025582248,0.42047713717693835
after_forming_government,Dinajpur,negative,8,0.4689789926302197,0.34782608695652173
after_forming_government,Dinajpur,neutral,3,0.3990911329613027,0.13043478260869565
after_forming_government,Dinajpur,positive,6,0.5798522241831136,0.2608695652173913
after_forming_government,Dinajpur,sarcastic_negative,6,0.5052342603686181,0.2608695652173913
after_forming_government,Faridpur,negative,6,0.4939706121144823,0.3157894736842105
after_forming_government,Faridpur,neutral,1,0.5986488598257312,0.05263157894736842
after_forming_government,Faridpur,positive,2,0.510935527147857,0.10526315789473684
after_forming_government,Faridpur,sarcastic_negative,10,0.4132966709215168,0.5263157894736842
after_forming_government,Feni,negative,8,0.5107395945902783,0.3333333333333333
after_forming_government,Feni,neutral,3,0.6084250672929263,0.125
after_forming_government,Feni,positive,4,0.4785006909888601,0.16666666666666666
after_forming_government,Feni,sarcastic_negative,9,0.5284921299368697,0.375
after_forming_government,Gaibandha,positive,1,0.8818849402571152,0.3333333333333333
after_forming_government,Gaibandha,sarcastic_negative,2,0.3773033155661414,0.6666666666666666
after_forming_government,Gazipur,negative,28,0.5435818207835171,0.39436619718309857
after_forming_government,Gazipur,neutral,2,0.699515892433743,0.028169014084507043
after_forming_government,Gazipur,positive,9,0.5318590795257201,0.1267605633802817
after_forming_government,Gazipur,sarcastic_negative,32,0.428983395542621,0.4507042253521127
after_forming_government,Gopalganj,negative,1,0.375254343687833,0.16666666666666666
after_forming_government,Gopalganj,neutral,1,0.4649963357426665,0.16666666666666666
after_forming_government,Gopalganj,positive,1,0.5424402573130659,0.16666666666666666
after_forming_government,Gopalganj,sarcastic_negative,3,0.4533496482385349,0.5
after_forming_government,Habiganj,negative,1,0.6379842567659965,0.14285714285714285
after_forming_government,Habiganj,positive,1,0.8567626688872709,0.14285714285714285
after_forming_government,Habiganj,sarcastic_negative,5,0.46323225833591275,0.7142857142857143
after_forming_government,Jamalpur,negative,8,0.5456313503978395,0.4
after_forming_government,Jamalpur,positive,4,0.4248533589576392,0.2
after_forming_government,Jamalpur,sarcastic_negative,8,0.4170421971926764,0.4
after_forming_government,Jashore,negative,1,0.4565940580387989,0.25
after_forming_government,Jashore,positive,1,0.3925120606402644,0.25
after_forming_government,Jashore,sarcastic_negative,2,0.491859522509971,0.5
after_forming_government,Jessore,negative,8,0.40888147888142035,0.3333333333333333
after_forming_government,Jessore,neutral,2,0.5314158613318305,0.08333333333333333
after_forming_government,Jessore,positive,1,0.5268631441889234,0.041666666666666664
after_forming_government,Jessore,sarcastic_negative,13,0.4291059431136763,0.5416666666666666
after_forming_government,Jhalokati,sarcastic_negative,1,0.4767416103042577,1.0
after_forming_government,Jhenaidah,positive,1,0.448943885725527,0.16666666666666666
after_forming_government,Jhenaidah,sarcastic_negative,5,0.3930170246036168,0.8333333333333334
after_forming_government,Joypurhat,negative,2,0.46319253552575135,0.4
after_forming_government,Joypurhat,positive,3,0.5046574491636576,0.6
after_forming_government,Khulna,negative,37,0.4987166826768063,0.31092436974789917
after_forming_government,Khulna,neutral,11,0.6363308788601757,0.09243697478991597
after_forming_government,Khulna,positive,19,0.4935807613691591,0.15966386554621848
after_forming_government,Khulna,sarcastic_negative,52,0.4345066167041488,0.4369747899159664
after_forming_government,Kishoreganj,negative,5,0.43960329440318413,0.17857142857142858
after_forming_government,Kishoreganj,neutral,2,0.7077431480790246,0.07142857142857142
after_forming_government,Kishoreganj,positive,2,0.39067543591295273,0.07142857142857142
after_forming_government,Kishoreganj,sarcastic_negative,19,0.4463183368681643,0.6785714285714286
after_forming_government,Kurigram,sarcastic_negative,1,0.4368165232763549,1.0
after_forming_government,Kushtia,negative,6,0.46810117610895724,0.24
after_forming_government,Kushtia,neutral,2,0.47625965196626413,0.08
after_forming_government,Kushtia,positive,4,0.5170625749050796,0.16
after_forming_government,Kushtia,sarcastic_negative,13,0.39966858314631976,0.52
after_forming_government,Lakshmipur,negative,11,0.5013882603757905,0.5
after_forming_government,Lakshmipur,positive,2,0.708181249694303,0.09090909090909091
after_forming_government,Lakshmipur,sarcastic_negative,9,0.47425839318077795,0.4090909090909091
after_forming_government,Lalmonirhat,negative,2,0.4914754382411028,0.2222222222222222
after_forming_government,Lalmonirhat,positive,4,0.4747310904772107,0.4444444444444444
after_forming_government,Lalmonirhat,sarcastic_negative,3,0.5110197848893142,0.3333333333333333
after_forming_government,Madaripur,negative,1,0.6345776506511418,0.25
after_forming_government,Madaripur,positive,1,0.6385479605291338,0.25
after_forming_government,Madaripur,sarcastic_negative,2,0.561878438189543,0.5
after_forming_government,Magura,negative,5,0.46311661751548794,0.5555555555555556
after_forming_government,Magura,sarcastic_negative,4,0.4112463634374714,0.4444444444444444
after_forming_government,Manikganj,negative,1,0.451331272075743,0.09090909090909091
after_forming_government,Manikganj,neutral,1,0.5562736999378194,0.09090909090909091
after_forming_government,Manikganj,positive,3,0.4660273401615742,0.2727272727272727
after_forming_government,Manikganj,sarcastic_negative,6,0.5232316052201704,0.5454545454545454
after_forming_government,Moulvibazar,negative,1,0.3817501110065445,1.0
after_forming_government,Munshiganj,negative,3,0.4194204316263428,0.25
after_forming_government,Munshiganj,neutral,1,0.3755818654302318,0.08333333333333333
after_forming_government,Munshiganj,positive,1,0.4775702062357896,0.08333333333333333
after_forming_government,Munshiganj,sarcastic_negative,7,0.4719841346928903,0.5833333333333334
after_forming_government,Mymensingh,negative,20,0.5136681431969722,0.36363636363636365
after_forming_government,Mymensingh,neutral,4,0.8050278403294301,0.07272727272727272
after_forming_government,Mymensingh,positive,7,0.5463235189194863,0.12727272727272726
after_forming_government,Mymensingh,sarcastic_negative,24,0.4825839409589316,0.43636363636363634
after_forming_government,Naogaon,negative,2,0.4441206030341854,0.3333333333333333
after_forming_government,Naogaon,neutral,1,0.5986488598257312,0.16666666666666666
after_forming_government,Naogaon,positive,2,0.46794969611985676,0.3333333333333333
after_forming_government,Naogaon,sarcastic_negative,1,0.5252766972663336,0.16666666666666666
after_forming_government,Narail,negative,3,0.44446433532303914,0.42857142857142855
after_forming_government,Narail,neutral,2,0.6628105858558626,0.2857142857142857
after_forming_government,Narail,positive,2,0.39384632020374194,0.2857142857142857
after_forming_government,Narayanganj,negative,8,0.4635723765017012,0.3333333333333333
after_forming_government,Narayanganj,neutral,1,0.3811514528909488,0.041666666666666664
after_forming_government,Narayanganj,positive,6,0.5062651574660172,0.25
after_forming_government,Narayanganj,sarcastic_negative,9,0.5154487764136759,0.375
after_forming_government,Narsingdi,negative,6,0.46169767817133606,0.3333333333333333
after_forming_government,Narsingdi,neutral,2,0.7099697570390608,0.1111111111111111
after_forming_government,Narsingdi,positive,3,0.6110561246223247,0.16666666666666666
after_forming_government,Narsingdi,sarcastic_negative,7,0.3870646890481217,0.3888888888888889
after_forming_government,Natore,negative,4,0.507777851825035,0.2857142857142857
after_forming_government,Natore,neutral,2,0.6042915167255434,0.14285714285714285
after_forming_government,Natore,positive,1,0.5157858654597764,0.07142857142857142
after_forming_government,Natore,sarcastic_negative,7,0.4638401127888869,0.5
after_forming_government,Netrokona,negative,1,0.4801975262825195,0.5
after_forming_government,Netrokona,neutral,1,0.466744031657721,0.5
after_forming_government,Nilphamari,negative,2,0.4310706800293638,0.5
after_forming_government,Nilphamari,positive,1,0.3728733362165656,0.25
after_forming_government,Nilphamari,sarcastic_negative,1,0.5231243912351558,0.25
after_forming_government,Noakhali,negative,16,0.4566002641137177,0.3137254901960784
after_forming_government,Noakhali,neutral,5,0.4650771666331409,0.09803921568627451
after_forming_government,Noakhali,positive,9,0.44962884668741715,0.17647058823529413
after_forming_government,Noakhali,sarcastic_negative,21,0.4651063169062225,0.4117647058823529
after_forming_government,Pabna,negative,12,0.5372057147668652,0.35294117647058826
after_forming_government,Pabna,neutral,4,0.6456663105465261,0.11764705882352941
after_forming_government,Pabna,positive,3,0.507893873158162,0.08823529411764706
after_forming_government,Pabna,sarcastic_negative,15,0.44528272348194414,0.4411764705882353
after_forming_government,Panchagarh,negative,3,0.5138540006255815,0.42857142857142855
after_forming_government,Panchagarh,sarcastic_negative,4,0.4992219788214209,0.5714285714285714
after_forming_government,Patuakhali,negative,5,0.47967505152889195,0.35714285714285715
after_forming_government,Patuakhali,neutral,2,0.3106946573865693,0.14285714285714285
after_forming_government,Patuakhali,positive,2,0.7253969782373617,0.14285714285714285
after_forming_government,Patuakhali,sarcastic_negative,5,0.395521384393645,0.35714285714285715
after_forming_government,Pirojpur,negative,1,0.47799794511423,0.2
after_forming_government,Pirojpur,positive,1,0.6841088638409761,0.2
after_forming_government,Pirojpur,sarcastic_negative,3,0.39547642244912495,0.6
after_forming_government,Rajbari,negative,1,0.6841401981225872,1.0
after_forming_government,Rajshahi,negative,18,0.5006117999934322,0.3829787234042553
after_forming_government,Rajshahi,neutral,4,0.6504970694000894,0.0851063829787234
after_forming_government,Rajshahi,positive,9,0.5657155425390253,0.19148936170212766
after_forming_government,Rajshahi,sarcastic_negative,16,0.4270820041747297,0.3404255319148936
after_forming_government,Rangamati,negative,1,0.6542019331499693,0.16666666666666666
after_forming_government,Rangamati,positive,1,0.6938070689355245,0.16666666666666666
after_forming_government,Rangamati,sarcastic_negative,4,0.4453985262098734,0.6666666666666666
after_forming_government,Rangpur,negative,14,0.4827783354616635,0.25
after_forming_government,Rangpur,neutral,7,0.6024617557740914,0.125
after_forming_government,Rangpur,positive,6,0.5684608457405343,0.10714285714285714
after_forming_government,Rangpur,sarcastic_negative,29,0.4559785080719927,0.5178571428571429
after_forming_government,Satkhira,negative,7,0.5576373998489977,0.3684210526315789
after_forming_government,Satkhira,neutral,3,0.7358362377678159,0.15789473684210525
after_forming_government,Satkhira,positive,3,0.5017034500233758,0.15789473684210525
after_forming_government,Satkhira,sarcastic_negative,6,0.46019065589623254,0.3157894736842105
after_forming_government,Shariatpur,positive,2,0.47794332614167706,0.5
after_forming_government,Shariatpur,sarcastic_negative,2,0.5006682665579957,0.5
after_forming_government,Sherpur,negative,4,0.5203719226708088,0.3076923076923077
after_forming_government,Sherpur,neutral,1,0.6558349834796988,0.07692307692307693
after_forming_government,Sherpur,positive,3,0.572248686833333,0.23076923076923078
after_forming_government,Sherpur,sarcastic_negative,5,0.48569136421370745,0.38461538461538464
after_forming_government,Sirajganj,negative,7,0.5906069313466452,0.25
after_forming_government,Sirajganj,neutral,2,0.48581865455126405,0.07142857142857142
after_forming_government,Sirajganj,positive,8,0.5109546678266879,0.2857142857142857
after_forming_government,Sirajganj,sarcastic_negative,11,0.46297455131936704,0.39285714285714285
after_forming_government,Sunamganj,negative,4,0.6312255013857058,0.4444444444444444
after_forming_government,Sunamganj,positive,1,0.7087181329782911,0.1111111111111111
after_forming_government,Sunamganj,sarcastic_negative,4,0.3814212892968744,0.4444444444444444
after_forming_government,Sylhet,negative,28,0.5115216405911139,0.42424242424242425
after_forming_government,Sylhet,neutral,6,0.4895285676586472,0.09090909090909091
after_forming_government,Sylhet,positive,4,0.627712492342411,0.06060606060606061
after_forming_government,Sylhet,sarcastic_negative,28,0.4609081121007123,0.42424242424242425
after_forming_government,Tangail,negative,6,0.5338022373418039,0.20689655172413793
after_forming_government,Tangail,neutral,3,0.3902989488864003,0.10344827586206896
after_forming_government,Tangail,sarcastic_negative,20,0.41606491721514816,0.6896551724137931
after_forming_government,Thakurgaon,negative,4,0.4432779244439474,0.4444444444444444
after_forming_government,Thakurgaon,neutral,2,0.7595869229793044,0.2222222222222222
after_forming_government,Thakurgaon,positive,1,0.6274093391184877,0.1111111111111111
after_forming_government,Thakurgaon,sarcastic_negative,2,0.5477018148179924,0.2222222222222222
after_forming_government,কিশোরগঞ্জ,negative,2,0.4024180031328126,0.16666666666666666
after_forming_government,কিশোরগঞ্জ,neutral,1,0.8678840748810874,0.08333333333333333
after_forming_government,কিশোরগঞ্জ,positive,2,0.5375417997115399,0.16666666666666666
after_forming_government,কিশোরগঞ্জ,sarcastic_negative,7,0.42134763868704866,0.5833333333333334
after_forming_government,কুড়িগ্রাম,sarcastic_negative,1,0.4981381582304345,1.0
after_forming_government,কুষ্টিয়া,positive,1,0.4293228520221958,0.2
after_forming_government,কুষ্টিয়া,sarcastic_negative,4,0.46805135721172336,0.8
after_forming_government,গাইবান্ধা,negative,1,0.4748884621721628,0.5
after_forming_government,গাইবান্ধা,positive,1,0.8569947780231462,0.5
after_forming_government,গোপালগঞ্জ,negative,1,0.7918625168991604,1.0
after_forming_government,চাঁদপুর,negative,1,0.3788842664746017,0.16666666666666666
after_forming_government,চাঁদপুর,neutral,1,0.806494731556269,0.16666666666666666
after_forming_government,চাঁদপুর,positive,3,0.4693510776459375,0.5
after_forming_government,চাঁদপুর,sarcastic_negative,1,0.4092028809907899,0.16666666666666666
after_forming_government,চাঁপাইনবাবগঞ্জ,negative,1,0.5479568236314724,0.3333333333333333
after_forming_government,চাঁপাইনবাবগঞ্জ,neutral,1,0.4321465586237493,0.3333333333333333
after_forming_government,চাঁপাইনবাবগঞ্জ,sarcastic_negative,1,0.5371343043741496,0.3333333333333333
after_forming_government,চুয়াডাঙ্গা,negative,1,0.6681457771726003,1.0
after_forming_government,জামালপুর,negative,2,0.4757057401941631,0.6666666666666666
after_forming_government,জামালপুর,sarcastic_negative,1,0.4986027337890086,0.3333333333333333
after_forming_government,ঝালকাঠি,negative,1,0.4183043979943374,1.0
after_forming_government,ঝিনাইদহ,negative,2,0.4544542528562282,0.5
after_forming_government,ঝিনাইদহ,neutral,1,0.2966171249170735,0.25
after_forming_government,ঝিনাইদহ,sarcastic_negative,1,0.4641314207497259,0.25
after_forming_government,টাঙ্গাইল,negative,1,0.771119647786688,1.0
after_forming_government,ঠাকুরগাঁও,neutral,1,0.4051837329623365,0.3333333333333333
after_forming_government,ঠাকুরগাঁও,sarcastic_negative,2,0.4295103283217911,0.6666666666666666
after_forming_government,দিনাজপুর,negative,2,0.6041726721634062,0.5
after_forming_government,দিনাজপুর,positive,1,0.5215135903562513,0.25
after_forming_government,দিনাজপুর,sarcastic_negative,1,0.5503467885531803,0.25
after_forming_government,নওগাঁ,negative,2,0.5491206763787961,0.6666666666666666
after_forming_government,নওগাঁ,positive,1,0.5950126399193969,0.3333333333333333
after_forming_government,নরসিংদী,negative,5,0.48323162588560215,0.3125
after_forming_government,নরসিংদী,neutral,3,0.5766388320583454,0.1875
after_forming_government,নরসিংদী,positive,1,0.4849148833238366,0.0625
after_forming_government,নরসিংদী,sarcastic_negative,7,0.4799218672288597,0.4375
after_forming_government,নাটোর,negative,1,0.6079264244747827,0.2
after_forming_government,নাটোর,neutral,1,0.5316318273980246,0.2
after_forming_government,নাটোর,positive,1,0.5575613601052467,0.2
after_forming_government,নাটোর,sarcastic_negative,2,0.4719830881333632,0.4
after_forming_government,নারায়ণগঞ্জ,negative,1,0.5332615077703403,1.0
after_forming_government,নীলফামারী,negative,1,0.3606512092115979,1.0
after_forming_government,নোয়াখালী,negative,3,0.56736605597683,0.5
after_forming_government,নোয়াখালী,sarcastic_negative,3,0.46057688996766005,0.5
after_forming_government,পঞ্চগড়,negative,1,0.5598709371071264,0.3333333333333333
after_forming_government,পঞ্চগড়,positive,2,0.5039581868379593,0.6666666666666666
after_forming_government,পটুয়াখালী,sarcastic_negative,1,0.4445360376213874,1.0
after_forming_government,পাবনা,negative,4,0.4766515408558065,0.5
after_forming_government,পাবনা,sarcastic_negative,4,0.5409548293551547,0.5
after_forming_government,পিরোজপুর,negative,1,0.3282707421215076,0.5
after_forming_government,পিরোজপুর,sarcastic_negative,1,0.364670059862047,0.5
after_forming_government,ফরিদপুর,negative,3,0.43065301592656596,0.6
after_forming_government,ফরিদপুর,neutral,1,0.4385269966730856,0.2
after_forming_government,ফরিদপুর,positive,1,0.5614298204589795,0.2
after_forming_government,বগুড়া,negative,4,0.4054075003420569,0.5
after_forming_government,বগুড়া,neutral,1,0.5562649569683183,0.125
after_forming_government,বগুড়া,positive,1,0.3713914341078177,0.125
after_forming_government,বগুড়া,sarcastic_negative,2,0.4779418611555074,0.25
after_forming_government,বরগুনা,neutral,1,0.3217243045281475,0.5
after_forming_government,বরগুনা,sarcastic_negative,1,0.4211778805611575,0.5
after_forming_government,বাগেরহাট,sarcastic_negative,1,0.5079084018814173,1.0
after_forming_government,বান্দরবান,negative,1,0.5328136679377689,0.5
after_forming_government,বান্দরবান,sarcastic_negative,1,0.5670698299162058,0.5
after_forming_government,ব্রাহ্মণবাড়িয়া,negative,1,0.4565440159502,1.0
after_forming_government,ভোলা,negative,2,0.4772329509931741,0.4
after_forming_government,ভোলা,neutral,1,0.8677250797606244,0.2
after_forming_government,ভোলা,sarcastic_negative,2,0.458566733682769,0.4
after_forming_government,ময়মনসিংহ,positive,1,0.5568586987094688,0.2
after_forming_government,ময়মনসিংহ,sarcastic_negative,4,0.4163175017246368,0.8
after_forming_government,মাগুরা,sarcastic_negative,1,0.3705272063932916,1.0
after_forming_government,মানিকগঞ্জ,sarcastic_negative,1,0.66262602422867,1.0
after_forming_government,মৌলভীবাজার,neutral,1,0.4713718025545758,1.0
after_forming_government,যশোর,negative,1,0.4245201087628608,0.14285714285714285
after_forming_government,যশোর,positive,3,0.37499651643541393,0.42857142857142855
after_forming_government,যশোর,sarcastic_negative,3,0.4218463996847137,0.42857142857142855
after_forming_government,রাঙ্গামাটি,sarcastic_negative,1,0.3521052447497879,1.0
after_forming_government,রাজবাড়ী,positive,1,0.5364398311624997,1.0
after_forming_government,লক্ষ্মীপুর,sarcastic_negative,1,0.4353283950970393,1.0
after_forming_government,লালমনিরহাট,positive,1,0.5854550751371448,1.0
after_forming_government,শরীয়তপুর,positive,1,0.4033617802195626,1.0
after_forming_government,শেরপুর,sarcastic_negative,2,0.5571135322200509,1.0
after_forming_government,সাতক্ষীরা,negative,2,0.4110666270984097,0.6666666666666666
after_forming_government,সাতক্ষীরা,sarcastic_negative,1,0.4747693868045115,0.3333333333333333
after_forming_government,সিরাজগঞ্জ,negative,2,0.5140717908713194,0.6666666666666666
after_forming_government,সিরাজগঞ্জ,sarcastic_negative,1,0.8056526614539347,0.3333333333333333
after_forming_government,সুনামগঞ্জ,positive,1,0.3488746122666875,0.5
after_forming_government,সুনামগঞ্জ,sarcastic_negative,1,0.3900916253687282,0.5
after_forming_government,হবিগঞ্জ,negative,1,0.6379842567659965,1.0
post_june_2026,Bagerhat,negative,5,0.5206631042014679,0.17857142857142858
post_june_2026,Bagerhat,neutral,3,0.6320266691456894,0.10714285714285714
post_june_2026,Bagerhat,positive,14,0.4968402941152011,0.5
post_june_2026,Bagerhat,sarcastic_negative,6,0.4785317307925492,0.21428571428571427
post_june_2026,Bandarban,negative,1,0.4638895163766481,0.1111111111111111
post_june_2026,Bandarban,positive,4,0.3972891604638325,0.4444444444444444
post_june_2026,Bandarban,sarcastic_negative,4,0.43211862085428543,0.4444444444444444
post_june_2026,Barguna,negative,4,0.6237085553743931,0.4444444444444444
post_june_2026,Barguna,positive,5,0.6319082796987019,0.5555555555555556
post_june_2026,Barishal,negative,61,0.5303198337892088,0.2850467289719626
post_june_2026,Barishal,neutral,8,0.6044686227277295,0.037383177570093455
post_june_2026,Barishal,positive,60,0.5873309932697813,0.2803738317757009
post_june_2026,Barishal,sarcastic_negative,85,0.5012786904448577,0.397196261682243
post_june_2026,Bhola,negative,17,0.5529832504207685,0.2786885245901639
post_june_2026,Bhola,neutral,5,0.6671985980687544,0.08196721311475409
post_june_2026,Bhola,positive,18,0.630708226106344,0.29508196721311475
post_june_2026,Bhola,sarcastic_negative,21,0.5212960604397526,0.3442622950819672
post_june_2026,Bogura,negative,18,0.5131400986282544,0.24324324324324326
post_june_2026,Bogura,neutral,4,0.6670077654648925,0.05405405405405406
post_june_2026,Bogura,positive,21,0.5994647049782037,0.28378378378378377
post_june_2026,Bogura,sarcastic_negative,31,0.502261239449468,0.4189189189189189
post_june_2026,Brahmanbaria,negative,12,0.5766028172472406,0.2553191489361702
post_june_2026,Brahmanbaria,neutral,3,0.6754809007668395,0.06382978723404255
post_june_2026,Brahmanbaria,positive,14,0.5855599787900995,0.2978723404255319
post_june_2026,Brahmanbaria,sarcastic_negative,18,0.47774013604263615,0.3829787234042553
post_june_2026,Chandpur,negative,25,0.5285440512188265,0.30864197530864196
post_june_2026,Chandpur,neutral,5,0.5586453104918372,0.06172839506172839
post_june_2026,Chandpur,positive,15,0.5854991149247321,0.18518518518518517
post_june_2026,Chandpur,sarcastic_negative,36,0.4867807327736274,0.4444444444444444
post_june_2026,Chapainawabganj,negative,2,0.4124643115899459,0.3333333333333333
post_june_2026,Chapainawabganj,positive,2,0.6792978843874294,0.3333333333333333
post_june_2026,Chapainawabganj,sarcastic_negative,2,0.4650508125720054,0.3333333333333333
post_june_2026,Chattogram,negative,190,0.5520620125387672,0.2992125984251969
post_june_2026,Chattogram,neutral,33,0.5563037125362026,0.05196850393700787
post_june_2026,Chattogram,positive,161,0.597960839742149,0.25354330708661416
post_june_2026,Chattogram,sarcastic_negative,251,0.5072976917902154,0.3952755905511811
post_june_2026,Chuadanga,negative,3,0.6021917583201957,0.6
post_june_2026,Chuadanga,positive,1,0.4768751650543216,0.2
post_june_2026,Chuadanga,sarcastic_negative,1,0.4897906475285896,0.2
post_june_2026,Cox's Bazar,negative,20,0.5821615766057213,0.31746031746031744
post_june_2026,Cox's Bazar,positive,19,0.5511903914974731,0.30158730158730157
post_june_2026,Cox's Bazar,sarcastic_negative,24,0.4837193886215656,0.38095238095238093
post_june_2026,Cumilla,negative,63,0.5387440348277107,0.2581967213114754
post_june_2026,Cumilla,neutral,11,0.544173975325635,0.045081967213114756
post_june_2026,Cumilla,positive,58,0.5866560172470315,0.23770491803278687
post_june_2026,Cumilla,sarcastic_negative,112,0.5073850941932041,0.45901639344262296
post_june_2026,Dhaka,negative,546,0.5479090208549877,0.27956989247311825
post_june_2026,Dhaka,neutral,98,0.5902546847635685,0.05017921146953405
post_june_2026,Dhaka,positive,488,0.5949267854692193,0.24987199180747569
post_june_2026,Dhaka,sarcastic_negative,821,0.5005728029424175,0.420378904249872
post_june_2026,Dinajpur,negative,16,0.4885723873998041,0.32653061224489793
post_june_2026,Dinajpur,neutral,2,0.6518280678934831,0.04081632653061224
post_june_2026,Dinajpur,positive,9,0.6067993721159111,0.1836734693877551
post_june_2026,Dinajpur,sarcastic_negative,22,0.5102637963147849,0.4489795918367347
post_june_2026,Faridpur,negative,17,0.594670647656329,0.30357142857142855
post_june_2026,Faridpur,neutral,4,0.5091689487694395,0.07142857142857142
post_june_2026,Faridpur,positive,13,0.6618436207074876,0.23214285714285715
post_june_2026,Faridpur,sarcastic_negative,22,0.47962215074194464,0.39285714285714285
post_june_2026,Feni,negative,21,0.5833333293760108,0.25301204819277107
post_june_2026,Feni,neutral,1,0.3299894830456365,0.012048192771084338
post_june_2026,Feni,positive,22,0.6041562677941318,0.26506024096385544
post_june_2026,Feni,sarcastic_negative,39,0.5069729706850513,0.46987951807228917
post_june_2026,Gaibandha,negative,2,0.29503649421114,0.13333333333333333
post_june_2026,Gaibandha,neutral,1,0.4088543804413787,0.06666666666666667
post_june_2026,Gaibandha,positive,7,0.5581122492178096,0.4666666666666667
post_june_2026,Gaibandha,sarcastic_negative,5,0.5158842279173547,0.3333333333333333
post_june_2026,Gazipur,negative,48,0.5636151101752752,0.3287671232876712
post_june_2026,Gazipur,neutral,3,0.7305079266898683,0.02054794520547945
post_june_2026,Gazipur,positive,32,0.6274119634930947,0.2191780821917808
post_june_2026,Gazipur,sarcastic_negative,63,0.4937002139610711,0.4315068493150685
post_june_2026,Gopalganj,negative,7,0.5695842974213073,0.28
post_june_2026,Gopalganj,neutral,2,0.6197035723606319,0.08
post_june_2026,Gopalganj,positive,6,0.49776554843495474,0.24
post_june_2026,Gopalganj,sarcastic_negative,10,0.4622957724366013,0.4
post_june_2026,Habiganj,negative,8,0.5654807183887097,0.2222222222222222
post_june_2026,Habiganj,neutral,2,0.502158502070966,0.05555555555555555
post_june_2026,Habiganj,positive,16,0.5771409129600195,0.4444444444444444
post_june_2026,Habiganj,sarcastic_negative,10,0.46768734361349207,0.2777777777777778
post_june_2026,Jamalpur,negative,4,0.48727674251764563,0.11764705882352941
post_june_2026,Jamalpur,neutral,5,0.5700033273797322,0.14705882352941177
post_june_2026,Jamalpur,positive,9,0.5830247794159464,0.2647058823529412
post_june_2026,Jamalpur,sarcastic_negative,16,0.5033075417677348,0.47058823529411764
post_june_2026,Jessore,negative,19,0.5337890829983505,0.34545454545454546
post_june_2026,Jessore,neutral,2,0.47293037868313087,0.03636363636363636
post_june_2026,Jessore,positive,10,0.6081170943727832,0.18181818181818182
post_june_2026,Jessore,sarcastic_negative,24,0.5113185379533994,0.43636363636363634
post_june_2026,Jhenaidah,negative,2,0.4826133342393585,0.3333333333333333
post_june_2026,Jhenaidah,positive,3,0.7526564855983402,0.5
post_june_2026,Jhenaidah,sarcastic_negative,1,0.4144192757203708,0.16666666666666666
post_june_2026,Joypurhat,negative,3,0.5491024766516803,0.375
post_june_2026,Joypurhat,positive,2,0.6616526996139356,0.25
post_june_2026,Joypurhat,sarcastic_negative,3,0.48002745002737485,0.375
post_june_2026,Khagrachhari,negative,2,0.5471272583337748,0.6666666666666666
post_june_2026,Khagrachhari,positive,1,0.5462164194000266,0.3333333333333333
post_june_2026,Khulna,negative,62,0.5254087701291026,0.27802690582959644
post_june_2026,Khulna,neutral,14,0.5744384895436546,0.06278026905829596
post_june_2026,Khulna,positive,59,0.5686628410877123,0.2645739910313901
post_june_2026,Khulna,sarcastic_negative,88,0.5025096973029665,0.39461883408071746
post_june_2026,Kishoreganj,negative,15,0.4870391150277376,0.2631578947368421
post_june_2026,Kishoreganj,neutral,4,0.6172146000756549,0.07017543859649122
post_june_2026,Kishoreganj,positive,19,0.5669622096093908,0.3333333333333333
post_june_2026,Kishoreganj,sarcastic_negative,19,0.5081579516546917,0.3333333333333333
post_june_2026,Kurigram,negative,2,0.5236718443058594,0.16666666666666666
post_june_2026,Kurigram,positive,6,0.5600234089287917,0.5
post_june_2026,Kurigram,sarcastic_negative,4,0.6092391009640301,0.3333333333333333
post_june_2026,Kushtia,negative,9,0.6153201098793802,0.25
post_june_2026,Kushtia,positive,11,0.5373353463756225,0.3055555555555556
post_june_2026,Kushtia,sarcastic_negative,16,0.5117044393583732,0.4444444444444444
post_june_2026,Lakshmipur,negative,11,0.49854826052843376,0.2391304347826087
post_june_2026,Lakshmipur,positive,12,0.6087057602037564,0.2608695652173913
post_june_2026,Lakshmipur,sarcastic_negative,23,0.5100007977256467,0.5
post_june_2026,Lalmonirhat,negative,8,0.38898546021963165,0.32
post_june_2026,Lalmonirhat,positive,8,0.5891500139534753,0.32
post_june_2026,Lalmonirhat,sarcastic_negative,9,0.46495749032597466,0.36
post_june_2026,Madaripur,negative,8,0.5901617371695561,0.22857142857142856
post_june_2026,Madaripur,neutral,1,0.4304604673513371,0.02857142857142857
post_june_2026,Madaripur,positive,14,0.6501787606526058,0.4
post_june_2026,Madaripur,sarcastic_negative,12,0.5266944148894036,0.34285714285714286
post_june_2026,Magura,negative,7,0.4229582892754431,0.22580645161290322
post_june_2026,Magura,neutral,1,0.3764895661855202,0.03225806451612903
post_june_2026,Magura,positive,6,0.5077909944452076,0.1935483870967742
post_june_2026,Magura,sarcastic_negative,17,0.4883476756352517,0.5483870967741935
post_june_2026,Manikganj,negative,4,0.4811607449013542,0.3076923076923077
post_june_2026,Manikganj,neutral,1,0.4285092610789782,0.07692307692307693
post_june_2026,Manikganj,positive,1,0.765401692393856,0.07692307692307693
post_june_2026,Manikganj,sarcastic_negative,7,0.4787457126497875,0.5384615384615384
post_june_2026,Meherpur,negative,3,0.6836901981498354,0.6
post_june_2026,Meherpur,sarcastic_negative,2,0.48988204188582624,0.4
post_june_2026,Moulvibazar,negative,4,0.4667564679432341,0.4
post_june_2026,Moulvibazar,neutral,1,0.4798744754208268,0.1
post_june_2026,Moulvibazar,positive,1,0.4902199947023891,0.1
post_june_2026,Moulvibazar,sarcastic_negative,4,0.45217628497752443,0.4
post_june_2026,Munshiganj,negative,7,0.5827354472549657,0.2
post_june_2026,Munshiganj,positive,9,0.6160923695254857,0.2571428571428571
post_june_2026,Munshiganj,sarcastic_negative,19,0.4865426389633442,0.5428571428571428
post_june_2026,Mymensingh,negative,42,0.5426663811525458,0.3111111111111111
post_june_2026,Mymensingh,neutral,8,0.4985475917663099,0.05925925925925926
post_june_2026,Mymensingh,positive,31,0.6614913298551675,0.22962962962962963
post_june_2026,Mymensingh,sarcastic_negative,54,0.5049107550077587,0.4
post_june_2026,Naogaon,negative,11,0.5050200735530826,0.3055555555555556
post_june_2026,Naogaon,neutral,1,0.9949368769154118,0.027777777777777776
post_june_2026,Naogaon,positive,8,0.5804850617543975,0.2222222222222222
post_june_2026,Naogaon,sarcastic_negative,16,0.48638022946461806,0.4444444444444444
post_june_2026,Narail,negative,5,0.5969134436903644,0.29411764705882354
post_june_2026,Narail,positive,3,0.4009114109066744,0.17647058823529413
post_june_2026,Narail,sarcastic_negative,9,0.5737787110221179,0.5294117647058824
post_june_2026,Narayanganj,negative,13,0.6348616892511914,0.18840579710144928
post_june_2026,Narayanganj,neutral,4,0.6681182554696145,0.057971014492753624
post_june_2026,Narayanganj,positive,16,0.5543901185725393,0.2318840579710145
post_june_2026,Narayanganj,sarcastic_negative,36,0.4795481234286157,0.5217391304347826
post_june_2026,Narsingdi,negative,18,0.5434873461303855,0.2903225806451613
post_june_2026,Narsingdi,neutral,4,0.46481426934811776,0.06451612903225806
post_june_2026,Narsingdi,positive,14,0.5079323587465405,0.22580645161290322
post_june_2026,Narsingdi,sarcastic_negative,26,0.5359360012369347,0.41935483870967744
post_june_2026,Natore,negative,5,0.46580993356712924,0.25
post_june_2026,Natore,neutral,3,0.5956018363444444,0.15
post_june_2026,Natore,positive,4,0.49057614683636636,0.2
post_june_2026,Natore,sarcastic_negative,8,0.4904690323483812,0.4
post_june_2026,Netrokona,negative,2,0.4048979313197285,0.16666666666666666
post_june_2026,Netrokona,neutral,1,0.3451611565451054,0.08333333333333333
post_june_2026,Netrokona,positive,6,0.559707532026009,0.5
post_june_2026,Netrokona,sarcastic_negative,3,0.4473832274426912,0.25
post_june_2026,Nilphamari,negative,7,0.4176040075642452,0.3888888888888889
post_june_2026,Nilphamari,positive,4,0.6619629982473342,0.2222222222222222
post_june_2026,Nilphamari,sarcastic_negative,7,0.4869399268910083,0.3888888888888889
post_june_2026,Noakhali,negative,27,0.499082309858931,0.38028169014084506
post_june_2026,Noakhali,neutral,4,0.6339233685699929,0.056338028169014086
post_june_2026,Noakhali,positive,13,0.6417126074681929,0.18309859154929578
post_june_2026,Noakhali,sarcastic_negative,27,0.5029772075544959,0.38028169014084506
post_june_2026,Pabna,negative,12,0.5035261823565408,0.19047619047619047
post_june_2026,Pabna,neutral,4,0.5598864859277486,0.06349206349206349
post_june_2026,Pabna,positive,19,0.6320084509430832,0.30158730158730157
post_june_2026,Pabna,sarcastic_negative,28,0.5245534417916399,0.4444444444444444
post_june_2026,Panchagarh,negative,6,0.5136775487000537,0.35294117647058826
post_june_2026,Panchagarh,positive,7,0.6744419603164741,0.4117647058823529
post_june_2026,Panchagarh,sarcastic_negative,4,0.3993918961078257,0.23529411764705882
post_june_2026,Patuakhali,negative,8,0.5045802930062144,0.32
post_june_2026,Patuakhali,neutral,1,0.9428254662592246,0.04
post_june_2026,Patuakhali,positive,6,0.5539979472400443,0.24
post_june_2026,Patuakhali,sarcastic_negative,10,0.5835303668998336,0.4
post_june_2026,Pirojpur,negative,4,0.5574824678266266,0.25
post_june_2026,Pirojpur,positive,5,0.5007050509803024,0.3125
post_june_2026,Pirojpur,sarcastic_negative,7,0.4525767577883616,0.4375
post_june_2026,Rajbari,positive,1,0.5459320323759416,0.25
post_june_2026,Rajbari,sarcastic_negative,3,0.43940608561278144,0.75
post_june_2026,Rajshahi,negative,29,0.4865193948440603,0.23387096774193547
post_june_2026,Rajshahi,neutral,9,0.6985312925952489,0.07258064516129033
post_june_2026,Rajshahi,positive,32,0.6010987442161316,0.25806451612903225
post_june_2026,Rajshahi,sarcastic_negative,54,0.4976684945554528,0.43548387096774194
post_june_2026,Rangamati,negative,1,0.8513719457675915,0.125
post_june_2026,Rangamati,neutral,1,0.5177569126516721,0.125
post_june_2026,Rangamati,positive,3,0.5345390249429129,0.375
post_june_2026,Rangamati,sarcastic_negative,3,0.4874322586767513,0.375
post_june_2026,Rangpur,negative,49,0.5145633430793697,0.30246913580246915
post_june_2026,Rangpur,neutral,4,0.5091141923446707,0.024691358024691357
post_june_2026,Rangpur,positive,40,0.6258763531464633,0.24691358024691357
post_june_2026,Rangpur,sarcastic_negative,69,0.5274709046106324,0.42592592592592593
post_june_2026,Satkhira,negative,7,0.564418095865542,0.20588235294117646
post_june_2026,Satkhira,neutral,2,0.6333158216347163,0.058823529411764705
post_june_2026,Satkhira,positive,16,0.5619928136221534,0.47058823529411764
post_june_2026,Satkhira,sarcastic_negative,9,0.4809011867447219,0.2647058823529412
post_june_2026,Shariatpur,negative,3,0.6999655483910443,0.3333333333333333
post_june_2026,Shariatpur,positive,2,0.4283876453254162,0.2222222222222222
post_june_2026,Shariatpur,sarcastic_negative,4,0.5464870624470469,0.4444444444444444
post_june_2026,Sherpur,negative,5,0.5022308062939669,0.20833333333333334
post_june_2026,Sherpur,neutral,1,0.8014241532446723,0.041666666666666664
post_june_2026,Sherpur,positive,8,0.5632078594659086,0.3333333333333333
post_june_2026,Sherpur,sarcastic_negative,10,0.4813490490473843,0.4166666666666667
post_june_2026,Sirajganj,negative,10,0.5635701197947884,0.23255813953488372
post_june_2026,Sirajganj,neutral,5,0.41045823564238837,0.11627906976744186
post_june_2026,Sirajganj,positive,14,0.5722000169159466,0.32558139534883723
post_june_2026,Sirajganj,sarcastic_negative,14,0.5400327237102623,0.32558139534883723
post_june_2026,Sunamganj,negative,7,0.5715411645786238,0.25
post_june_2026,Sunamganj,neutral,2,0.5880862966690446,0.07142857142857142
post_june_2026,Sunamganj,positive,9,0.5798960261649078,0.32142857142857145
post_june_2026,Sunamganj,sarcastic_negative,10,0.5496376019790267,0.35714285714285715
post_june_2026,Sylhet,negative,90,0.537680368579256,0.3082191780821918
post_june_2026,Sylhet,neutral,9,0.5623768734270483,0.030821917808219176
post_june_2026,Sylhet,positive,80,0.5901019096443397,0.273972602739726
post_june_2026,Sylhet,sarcastic_negative,113,0.5062582474668473,0.386986301369863
post_june_2026,Tangail,negative,26,0.5784190693619853,0.2988505747126437
post_june_2026,Tangail,neutral,7,0.8017756060530431,0.08045977011494253
post_june_2026,Tangail,positive,16,0.5601958933680755,0.1839080459770115
post_june_2026,Tangail,sarcastic_negative,38,0.5202486472326608,0.4367816091954023
post_june_2026,Thakurgaon,negative,3,0.5886550243408308,0.13636363636363635
post_june_2026,Thakurgaon,positive,11,0.6846306514694827,0.5
post_june_2026,Thakurgaon,sarcastic_negative,8,0.43686598047936137,0.36363636363636365
