location,location_mentions_after_forming_government,unique_comments_after_forming_government,comment_share_after_forming_government,location_mentions_post_june_2026,unique_comments_post_june_2026,comment_share_post_june_2026,mention_delta,comment_share_delta,growth_rate
Dhaka,1037.0,1006.0,0.24223452925595954,1953.0,1953.0,0.5299864314789688,916.0,0.2877519022230093,0.8833172613307618
Chattogram,264.0,241.0,0.058030339513604624,635.0,635.0,0.1723202170963365,371.0,0.11428987758273187,1.4053030303030303
Sylhet,77.0,66.0,0.01589212617385023,292.0,292.0,0.07924016282225238,215.0,0.06334803664840215,2.792207792207792
Cumilla,79.0,66.0,0.01589212617385023,244.0,244.0,0.06621438263229308,165.0,0.05032225645844285,2.088607594936709
Rangpur,57.0,56.0,0.013484228268721405,162.0,162.0,0.04396200814111262,105.0,0.03047777987239121,1.8421052631578947
Khulna,124.0,119.0,0.02865398507103299,223.0,223.0,0.060515603799185885,99.0,0.03186161872815289,0.7983870967741935
Barishal,120.0,109.0,0.026246087165904167,214.0,214.0,0.05807327001356852,94.0,0.03182718284766435,0.7833333333333333
Mymensingh,55.0,55.0,0.013243438478208525,135.0,135.0,0.036635006784260515,80.0,0.02339156830605199,1.4545454545454546
Gazipur,72.0,71.0,0.01709607512641464,146.0,146.0,0.03962008141112619,74.0,0.02252400628471155,1.0277777777777777
Rajshahi,52.0,47.0,0.011317120154105466,124.0,124.0,0.03364993215739484,72.0,0.022332812003289376,1.3846153846153846
Feni,25.0,24.0,0.005778954972309174,83.0,83.0,0.022523744911804613,58.0,0.01674478993949544,2.32
Tangail,29.0,29.0,0.006982903924873585,87.0,87.0,0.02360922659430122,58.0,0.016626322669427634,2.0
Chandpur,28.0,28.0,0.006742114134360703,81.0,81.0,0.02198100407055631,53.0,0.015238889936195606,1.8928571428571428
Narayanganj,24.0,24.0,0.005778954972309174,69.0,69.0,0.018724559023066484,45.0,0.012945604050757311,1.875
Narsingdi,18.0,18.0,0.004334216229231881,62.0,62.0,0.01682496607869742,44.0,0.012490749849465538,2.4444444444444446
Bhola,22.0,22.0,0.005297375391283409,61.0,61.0,0.01655359565807327,39.0,0.011256220266789862,1.7727272727272727
Bogura,36.0,32.0,0.007705273296412232,74.0,74.0,0.020081411126187245,38.0,0.012376137829775013,1.0555555555555556
Faridpur,19.0,19.0,0.004575006019744763,56.0,56.0,0.01519674355495251,37.0,0.010621737535207747,1.9473684210526316
Jessore,24.0,24.0,0.005778954972309174,55.0,55.0,0.014925373134328358,31.0,0.009146418162019183,1.2916666666666667
Madaripur,4.0,4.0,0.000963159162051529,35.0,35.0,0.009497964721845319,31.0,0.00853480555979379,7.75
Naogaon,6.0,6.0,0.0014447387430772936,36.0,36.0,0.00976933514246947,30.0,0.008324596399392177,5.0
Habiganj,7.0,7.0,0.0016855285335901757,36.0,36.0,0.00976933514246947,29.0,0.008083806608879295,4.142857142857143
Kishoreganj,28.0,28.0,0.006742114134360703,57.0,57.0,0.015468113975576661,29.0,0.00872599984121596,1.0357142857142858
Pabna,34.0,34.0,0.008186852877437997,63.0,63.0,0.017096336499321574,29.0,0.008909483621883577,0.8529411764705882
Brahmanbaria,19.0,19.0,0.004575006019744763,47.0,47.0,0.012754409769335142,28.0,0.00817940374959038,1.4736842105263157
Cox's Bazar,36.0,32.0,0.007705273296412232,63.0,63.0,0.017096336499321574,27.0,0.009391063202909342,0.75
Dinajpur,23.0,23.0,0.005538165181796292,49.0,49.0,0.013297150610583446,26.0,0.007758985428787154,1.1304347826086956
Lakshmipur,22.0,22.0,0.005297375391283409,46.0,46.0,0.01248303934871099,24.0,0.007185663957427581,1.0909090909090908
Munshiganj,12.0,12.0,0.002889477486154587,35.0,35.0,0.009497964721845319,23.0,0.006608487235690732,1.9166666666666667
Magura,9.0,9.0,0.0021671081146159405,31.0,31.0,0.00841248303934871,22.0,0.006245374924732769,2.4444444444444446
Noakhali,51.0,51.0,0.012280279316156995,71.0,71.0,0.019267299864314788,20.0,0.0069870205481577935,0.39215686274509803
Gopalganj,6.0,6.0,0.0014447387430772936,25.0,25.0,0.0067842605156037995,19.0,0.005339521772526506,3.1666666666666665
Sunamganj,9.0,9.0,0.0021671081146159405,28.0,28.0,0.007598371777476255,19.0,0.005431263662860314,2.111111111111111
Bagerhat,10.0,10.0,0.0024078979051288226,28.0,28.0,0.007598371777476255,18.0,0.005190473872347432,1.8
Lalmonirhat,9.0,9.0,0.0021671081146159405,25.0,25.0,0.0067842605156037995,16.0,0.004617152400987859,1.7777777777777777
Sirajganj,28.0,28.0,0.006742114134360703,43.0,43.0,0.011668928086838535,15.0,0.004926813952477832,0.5357142857142857
Satkhira,19.0,19.0,0.004575006019744763,34.0,34.0,0.009226594301221167,15.0,0.004651588281476405,0.7894736842105263
Nilphamari,4.0,4.0,0.000963159162051529,18.0,18.0,0.004884667571234735,14.0,0.003921508409183206,3.5
Jamalpur,20.0,20.0,0.004815795810257645,34.0,34.0,0.009226594301221167,14.0,0.004410798490963522,0.7
Thakurgaon,9.0,9.0,0.0021671081146159405,22.0,22.0,0.005970149253731343,13.0,0.003803041139115403,1.4444444444444444
Gaibandha,3.0,3.0,0.0007223693715386468,15.0,15.0,0.004070556309362279,12.0,0.0033481869378236325,4.0
Patuakhali,14.0,14.0,0.0033710570671803513,25.0,25.0,0.0067842605156037995,11.0,0.003413203448423448,0.7857142857142857
Pirojpur,5.0,5.0,0.0012039489525644113,16.0,16.0,0.004341926729986432,11.0,0.0031379777774220205,2.2
Kurigram,1.0,1.0,0.00024078979051288225,12.0,12.0,0.0032564450474898234,11.0,0.0030156552569769414,11.0
Kushtia,25.0,25.0,0.006019744762822056,36.0,36.0,0.00976933514246947,11.0,0.0037495903796474148,0.44
Sherpur,13.0,13.0,0.0031302672766674693,24.0,24.0,0.006512890094979647,11.0,0.0033826228183121776,0.8461538461538461
Netrokona,2.0,2.0,0.0004815795810257645,12.0,12.0,0.0032564450474898234,10.0,0.002774865466464059,5.0
Panchagarh,7.0,7.0,0.0016855285335901757,17.0,17.0,0.004613297150610584,10.0,0.0029277686170204077,1.4285714285714286
Narail,8.0,7.0,0.0016855285335901757,17.0,17.0,0.004613297150610584,9.0,0.0029277686170204077,1.125
Moulvibazar,1.0,1.0,0.00024078979051288225,10.0,10.0,0.0027137042062415195,9.0,0.0024729144157286374,9.0
Natore,14.0,14.0,0.0033710570671803513,20.0,20.0,0.005427408412483039,6.0,0.0020563513453026876,0.42857142857142855
Bandarban,3.0,3.0,0.0007223693715386468,9.0,9.0,0.0024423337856173677,6.0,0.001719964414078721,2.0
Meherpur,0.0,0.0,0.0,5.0,5.0,0.0013568521031207597,5.0,0.0013568521031207597,inf
Shariatpur,4.0,4.0,0.000963159162051529,9.0,9.0,0.0024423337856173677,5.0,0.0014791746235658387,1.25
Barguna,5.0,5.0,0.0012039489525644113,9.0,9.0,0.0024423337856173677,4.0,0.0012383848330529564,0.8
Khagrachhari,0.0,0.0,0.0,3.0,3.0,0.0008141112618724559,3.0,0.0008141112618724559,inf
Joypurhat,5.0,5.0,0.0012039489525644113,8.0,8.0,0.002170963364993216,3.0,0.0009670144124288046,0.6
Rajbari,1.0,1.0,0.00024078979051288225,4.0,4.0,0.001085481682496608,3.0,0.0008446918919837257,3.0
Chuadanga,2.0,2.0,0.0004815795810257645,5.0,5.0,0.0013568521031207597,3.0,0.0008752725220949952,1.5
Chapainawabganj,3.0,3.0,0.0007223693715386468,6.0,6.0,0.0016282225237449117,3.0,0.0009058531522062649,1.0
Rangamati,6.0,6.0,0.0014447387430772936,8.0,8.0,0.002170963364993216,2.0,0.0007262246219159223,0.3333333333333333
Manikganj,11.0,11.0,0.0026486876956417047,13.0,13.0,0.0035278154681139757,2.0,0.000879127772472271,0.18181818181818182
Jhenaidah,6.0,6.0,0.0014447387430772936,6.0,6.0,0.0016282225237449117,0.0,0.00018348378066761813,0.0
টাঙ্গাইল,1.0,1.0,0.00024078979051288225,0.0,0.0,0.0,-1.0,-0.00024078979051288225,-1.0
শরীয়তপুর,1.0,1.0,0.00024078979051288225,0.0,0.0,0.0,-1.0,-0.00024078979051288225,-1.0
লালমনিরহাট,1.0,1.0,0.00024078979051288225,0.0,0.0,0.0,-1.0,-0.00024078979051288225,-1.0
লক্ষ্মীপুর,1.0,1.0,0.00024078979051288225,0.0,0.0,0.0,-1.0,-0.00024078979051288225,-1.0
রাজবাড়ী,1.0,1.0,0.00024078979051288225,0.0,0.0,0.0,-1.0,-0.00024078979051288225,-1.0
রাঙ্গামাটি,1.0,1.0,0.00024078979051288225,0.0,0.0,0.0,-1.0,-0.00024078979051288225,-1.0
মৌলভীবাজার,1.0,1.0,0.00024078979051288225,0.0,0.0,0.0,-1.0,-0.00024078979051288225,-1.0
মানিকগঞ্জ,1.0,1.0,0.00024078979051288225,0.0,0.0,0.0,-1.0,-0.00024078979051288225,-1.0
মাগুরা,1.0,1.0,0.00024078979051288225,0.0,0.0,0.0,-1.0,-0.00024078979051288225,-1.0
ব্রাহ্মণবাড়িয়া,1.0,1.0,0.00024078979051288225,0.0,0.0,0.0,-1.0,-0.00024078979051288225,-1.0
বাগেরহাট,1.0,1.0,0.00024078979051288225,0.0,0.0,0.0,-1.0,-0.00024078979051288225,-1.0
নীলফামারী,1.0,1.0,0.00024078979051288225,0.0,0.0,0.0,-1.0,-0.00024078979051288225,-1.0
নারায়ণগঞ্জ,1.0,1.0,0.00024078979051288225,0.0,0.0,0.0,-1.0,-0.00024078979051288225,-1.0
পটুয়াখালী,1.0,1.0,0.00024078979051288225,0.0,0.0,0.0,-1.0,-0.00024078979051288225,-1.0
হবিগঞ্জ,1.0,1.0,0.00024078979051288225,0.0,0.0,0.0,-1.0,-0.00024078979051288225,-1.0
ঝালকাঠি,1.0,1.0,0.00024078979051288225,0.0,0.0,0.0,-1.0,-0.00024078979051288225,-1.0
Jhalokati,1.0,1.0,0.00024078979051288225,0.0,0.0,0.0,-1.0,-0.00024078979051288225,-1.0
কুড়িগ্রাম,1.0,1.0,0.00024078979051288225,0.0,0.0,0.0,-1.0,-0.00024078979051288225,-1.0
গোপালগঞ্জ,1.0,1.0,0.00024078979051288225,0.0,0.0,0.0,-1.0,-0.00024078979051288225,-1.0
চুয়াডাঙ্গা,1.0,1.0,0.00024078979051288225,0.0,0.0,0.0,-1.0,-0.00024078979051288225,-1.0
বরগুনা,2.0,2.0,0.0004815795810257645,0.0,0.0,0.0,-2.0,-0.0004815795810257645,-1.0
সুনামগঞ্জ,2.0,2.0,0.0004815795810257645,0.0,0.0,0.0,-2.0,-0.0004815795810257645,-1.0
শেরপুর,2.0,2.0,0.0004815795810257645,0.0,0.0,0.0,-2.0,-0.0004815795810257645,-1.0
গাইবান্ধা,2.0,2.0,0.0004815795810257645,0.0,0.0,0.0,-2.0,-0.0004815795810257645,-1.0
পিরোজপুর,2.0,2.0,0.0004815795810257645,0.0,0.0,0.0,-2.0,-0.0004815795810257645,-1.0
বান্দরবান,2.0,2.0,0.0004815795810257645,0.0,0.0,0.0,-2.0,-0.0004815795810257645,-1.0
সিরাজগঞ্জ,3.0,3.0,0.0007223693715386468,0.0,0.0,0.0,-3.0,-0.0007223693715386468,-1.0
সাতক্ষীরা,3.0,3.0,0.0007223693715386468,0.0,0.0,0.0,-3.0,-0.0007223693715386468,-1.0
ঠাকুরগাঁও,3.0,3.0,0.0007223693715386468,0.0,0.0,0.0,-3.0,-0.0007223693715386468,-1.0
চাঁপাইনবাবগঞ্জ,3.0,3.0,0.0007223693715386468,0.0,0.0,0.0,-3.0,-0.0007223693715386468,-1.0
নওগাঁ,3.0,3.0,0.0007223693715386468,0.0,0.0,0.0,-3.0,-0.0007223693715386468,-1.0
জামালপুর,3.0,3.0,0.0007223693715386468,0.0,0.0,0.0,-3.0,-0.0007223693715386468,-1.0
পঞ্চগড়,3.0,3.0,0.0007223693715386468,0.0,0.0,0.0,-3.0,-0.0007223693715386468,-1.0
দিনাজপুর,4.0,4.0,0.000963159162051529,0.0,0.0,0.0,-4.0,-0.000963159162051529,-1.0
ঝিনাইদহ,4.0,4.0,0.000963159162051529,0.0,0.0,0.0,-4.0,-0.000963159162051529,-1.0
Jashore,4.0,4.0,0.000963159162051529,0.0,0.0,0.0,-4.0,-0.000963159162051529,-1.0
ফরিদপুর,5.0,5.0,0.0012039489525644113,0.0,0.0,0.0,-5.0,-0.0012039489525644113,-1.0
নাটোর,5.0,5.0,0.0012039489525644113,0.0,0.0,0.0,-5.0,-0.0012039489525644113,-1.0
কুষ্টিয়া,5.0,5.0,0.0012039489525644113,0.0,0.0,0.0,-5.0,-0.0012039489525644113,-1.0
ময়মনসিংহ,5.0,5.0,0.0012039489525644113,0.0,0.0,0.0,-5.0,-0.0012039489525644113,-1.0
ভোলা,5.0,5.0,0.0012039489525644113,0.0,0.0,0.0,-5.0,-0.0012039489525644113,-1.0
নোয়াখালী,6.0,6.0,0.0014447387430772936,0.0,0.0,0.0,-6.0,-0.0014447387430772936,-1.0
চাঁদপুর,6.0,6.0,0.0014447387430772936,0.0,0.0,0.0,-6.0,-0.0014447387430772936,-1.0
যশোর,7.0,7.0,0.0016855285335901757,0.0,0.0,0.0,-7.0,-0.0016855285335901757,-1.0
পাবনা,8.0,8.0,0.001926318324103058,0.0,0.0,0.0,-8.0,-0.001926318324103058,-1.0
বগুড়া,8.0,8.0,0.001926318324103058,0.0,0.0,0.0,-8.0,-0.001926318324103058,-1.0
কিশোরগঞ্জ,12.0,12.0,0.002889477486154587,0.0,0.0,0.0,-12.0,-0.002889477486154587,-1.0
নরসিংদী,16.0,16.0,0.003852636648206116,0.0,0.0,0.0,-16.0,-0.003852636648206116,-1.0
